threshold,comparison,feature,n_bad,n_good,median_bad,median_good,p,rank_biserial,p_bh
0.5,FP vs TN,brightness,33,455,152.2642822265625,152.18118286132812,0.9347907469954102,0.0085914085914085,0.9347907469954103
0.5,FP vs TN,contrast,33,455,63.80342483520508,61.79387664794922,0.1478489423569838,0.15084915084915096,0.21989192117066744
0.5,FP vs TN,sharpness,33,455,206.45533752441406,164.70428466796875,0.02256613904023334,0.23769563769563762,0.13539683424140003
0.5,FP vs TN,background,33,455,165.4951629638672,183.00733947753906,0.09703742310717986,-0.17296037296037292,0.21989192117066744
0.5,FP vs TN,hole_radius,33,455,59.48121035194924,57.95245990572941,0.1345483011921753,0.15597735597735607,0.21989192117066744
0.5,FP vs TN,hole_offset,33,455,4.988178012877587,4.18284190735934,0.18324326764222287,0.13872793872793876,0.21989192117066744
0.5,FN vs TP,brightness,2,105,151.96050262451172,138.6209716796875,0.008816787162757892,0.9238095238095239,0.017633574325515784
0.5,FN vs TP,contrast,2,105,59.97894287109375,58.808319091796875,0.48280726503262206,0.3142857142857143,0.5092576265208957
0.5,FN vs TP,sharpness,2,105,78.51106643676758,196.55564880371094,0.0014106859460412625,-0.9809523809523809,0.008464115676247575
0.5,FN vs TP,background,2,105,190.59612274169922,158.88792419433594,0.00564274378416505,0.9428571428571428,0.01692823135249515
0.5,FN vs TP,hole_radius,2,105,57.37838334965869,58.05672557766378,0.5092576265208957,-0.2952380952380952,0.5092576265208957
0.5,FN vs TP,hole_offset,2,105,4.427084427658923,5.840999247925149,0.4443660730029977,-0.34285714285714286,0.5092576265208957
tuned,FP vs TN,brightness,7,481,151.9622344970703,152.21263122558594,0.7793804638591514,-0.06326106326106329,0.7793804638591514
tuned,FP vs TN,contrast,7,481,64.6512222290039,61.84117889404297,0.10693472231050719,0.3561033561033562,0.36408871645719265
tuned,FP vs TN,sharpness,7,481,206.45533752441406,167.01963806152344,0.24272581097146176,0.26046926046926044,0.36408871645719265
tuned,FP vs TN,background,7,481,167.71116638183594,182.8590850830078,0.5620366821362177,-0.13038313038313043,0.6744440185634613
tuned,FP vs TN,hole_radius,7,481,59.53737391372493,57.95795224900154,0.15208622363508734,0.3154143154143154,0.36408871645719265
tuned,FP vs TN,hole_offset,7,481,5.441616828972579,4.235756303015731,0.18918915570375364,0.2919512919512919,0.36408871645719265
tuned,FN vs TP,brightness,2,105,151.96050262451172,138.6209716796875,0.008816787162757892,0.9238095238095239,0.017633574325515784
tuned,FN vs TP,contrast,2,105,59.97894287109375,58.808319091796875,0.48280726503262206,0.3142857142857143,0.5092576265208957
tuned,FN vs TP,sharpness,2,105,78.51106643676758,196.55564880371094,0.0014106859460412625,-0.9809523809523809,0.008464115676247575
tuned,FN vs TP,background,2,105,190.59612274169922,158.88792419433594,0.00564274378416505,0.9428571428571428,0.01692823135249515
tuned,FN vs TP,hole_radius,2,105,57.37838334965869,58.05672557766378,0.5092576265208957,-0.2952380952380952,0.5092576265208957
tuned,FN vs TP,hole_offset,2,105,4.427084427658923,5.840999247925149,0.4443660730029977,-0.34285714285714286,0.5092576265208957
