filename,fold,prob,label,error_type,threshold_name,threshold,true_label
cast_def_0_6988.jpeg,0,0.023832094,1,FN,0.5,0.5,defective
cast_def_0_2949.jpeg,0,0.118124716,1,FN,0.5,0.5,defective
cast_ok_0_7824.jpeg,1,0.500494,0,FP,0.5,0.5,normal
cast_ok_0_4238.jpeg,2,0.50097835,0,FP,0.5,0.5,normal
cast_ok_0_3440.jpeg,2,0.5057053,0,FP,0.5,0.5,normal
cast_ok_0_2227.jpeg,2,0.50594485,0,FP,0.5,0.5,normal
cast_ok_0_3185.jpeg,1,0.5064969,0,FP,0.5,0.5,normal
cast_ok_0_5407.jpeg,2,0.51040953,0,FP,0.5,0.5,normal
cast_ok_0_1690.jpeg,2,0.5402303,0,FP,0.5,0.5,normal
cast_ok_0_4974.jpeg,2,0.5445776,0,FP,0.5,0.5,normal
cast_ok_0_8924.jpeg,2,0.5541819,0,FP,0.5,0.5,normal
cast_ok_0_7324.jpeg,2,0.5895118,0,FP,0.5,0.5,normal
cast_ok_0_7018.jpeg,4,0.60486704,0,FP,0.5,0.5,normal
cast_ok_0_1953.jpeg,2,0.6085225,0,FP,0.5,0.5,normal
cast_ok_0_4140.jpeg,2,0.6087307,0,FP,0.5,0.5,normal
cast_ok_0_7854.jpeg,2,0.61839706,0,FP,0.5,0.5,normal
cast_ok_0_6344.jpeg,2,0.6192253,0,FP,0.5,0.5,normal
cast_ok_0_6134.jpeg,1,0.630664,0,FP,0.5,0.5,normal
cast_ok_0_6498.jpeg,1,0.6537462,0,FP,0.5,0.5,normal
cast_ok_0_2685.jpeg,2,0.6618336,0,FP,0.5,0.5,normal
cast_ok_0_5791.jpeg,2,0.6683594,0,FP,0.5,0.5,normal
cast_ok_0_937.jpeg,2,0.6757322,0,FP,0.5,0.5,normal
cast_ok_0_9878.jpeg,2,0.67736894,0,FP,0.5,0.5,normal
cast_ok_0_259.jpeg,1,0.70302665,0,FP,0.5,0.5,normal
cast_ok_0_273.jpeg,2,0.7365899,0,FP,0.5,0.5,normal
cast_ok_0_1092.jpeg,2,0.7381411,0,FP,0.5,0.5,normal
cast_ok_0_4607.jpeg,2,0.739878,0,FP,0.5,0.5,normal
cast_ok_0_9955.jpeg,2,0.7524304,0,FP,0.5,0.5,normal
cast_ok_0_1883.jpeg,1,0.77844447,0,FP,0.5,0.5,normal
cast_ok_0_4862.jpeg,2,0.81649065,0,FP,0.5,0.5,normal
cast_ok_0_8124.jpeg,2,0.8493852,0,FP,0.5,0.5,normal
cast_ok_0_973.jpeg,2,0.8789962,0,FP,0.5,0.5,normal
cast_ok_0_5314.jpeg,2,0.9317103,0,FP,0.5,0.5,normal
cast_ok_0_7597.jpeg,2,0.95548534,0,FP,0.5,0.5,normal
cast_ok_0_4994.jpeg,3,0.9775359,0,FP,0.5,0.5,normal
cast_def_0_6988.jpeg,0,0.023832094,1,FN,val_tuned,0.7760080151863646,defective
cast_def_0_2949.jpeg,0,0.118124716,1,FN,val_tuned,0.7760080151863646,defective
cast_ok_0_1883.jpeg,1,0.77844447,0,FP,val_tuned,0.7760080151863646,normal
cast_ok_0_4862.jpeg,2,0.81649065,0,FP,val_tuned,0.7760080151863646,normal
cast_ok_0_8124.jpeg,2,0.8493852,0,FP,val_tuned,0.7760080151863646,normal
cast_ok_0_973.jpeg,2,0.8789962,0,FP,val_tuned,0.7760080151863646,normal
cast_ok_0_5314.jpeg,2,0.9317103,0,FP,val_tuned,0.7760080151863646,normal
cast_ok_0_7597.jpeg,2,0.95548534,0,FP,val_tuned,0.7760080151863646,normal
cast_ok_0_4994.jpeg,3,0.9775359,0,FP,val_tuned,0.7760080151863646,normal
