tag,filename,fold,label,prob,z,peak_x_300,peak_y_300,peak_dist_from_centre_frac
FN,cast_def_0_6988.jpeg,0,1,0.023832094,-3.712601661682129,279,236,1.0301575072754254
FN,cast_def_0_2949.jpeg,0,1,0.118124716,-2.0103096961975098,64,192,0.6349338106271796
FP,cast_ok_0_4994.jpeg,3,0,0.9775359,3.773115873336792,106,150,0.29464285714285715
FP,cast_ok_0_7597.jpeg,2,0,0.95548534,3.0664000511169434,193,150,0.2857142857142857
FP,cast_ok_0_5314.jpeg,2,0,0.9317103,2.613262414932251,150,193,0.2857142857142857
FP,cast_ok_0_973.jpeg,2,0,0.8789962,1.9829585552215576,150,236,0.5714285714285714
FP,cast_ok_0_8124.jpeg,2,0,0.8493852,1.7297872304916382,150,234,0.5625
FP,cast_ok_0_4862.jpeg,2,0,0.81649065,1.4927501678466797,107,234,0.6309032438189112
FP,cast_ok_0_1883.jpeg,1,0,0.77844447,1.2566243410110474,64,149,0.5714983216359021
FP,cast_ok_0_9955.jpeg,2,0,0.7524304,1.1116169691085815,107,234,0.6309032438189112
TP_hardest,cast_def_0_9301.jpeg,4,1,0.80637103,1.4266005754470825,236,150,0.5714285714285714
TP_hardest,cast_def_0_8121.jpeg,3,1,0.97750276,3.7716054916381836,63,149,0.5804258201123217
TP_confident,cast_def_0_7433.jpeg,4,1,1.0,20.510154724121094,192,234,0.6269103457693557
TP_confident,cast_def_0_9817.jpeg,4,1,1.0,18.108261108398438,192,234,0.6269103457693557
