filename,label,prob,fold
cast_def_0_2949.jpeg,1,0.118124716,0
cast_def_0_3320.jpeg,1,0.9961815,0
cast_def_0_3622.jpeg,1,1.0,0
cast_def_0_3981.jpeg,1,0.9957361,0
cast_def_0_4778.jpeg,1,0.9885168,0
cast_def_0_4953.jpeg,1,0.9908544,0
cast_def_0_5393.jpeg,1,0.9997178,0
cast_def_0_5641.jpeg,1,0.9999999,0
cast_def_0_5980.jpeg,1,1.0,0
cast_def_0_6243.jpeg,1,0.9999585,0
cast_def_0_6596.jpeg,1,0.9999993,0
cast_def_0_6988.jpeg,1,0.023832094,0
cast_def_0_7311.jpeg,1,0.99992573,0
cast_def_0_7492.jpeg,1,1.0,0
cast_def_0_7977.jpeg,1,1.0,0
cast_def_0_8269.jpeg,1,0.993117,0
cast_def_0_8780.jpeg,1,0.9996755,0
cast_def_0_9048.jpeg,1,0.99999607,0
cast_def_0_9616.jpeg,1,0.999236,0
cast_def_0_9799.jpeg,1,0.99833775,0
cast_def_0_9871.jpeg,1,1.0,0
cast_ok_0_1028.jpeg,0,0.0050547845,0
cast_ok_0_1241.jpeg,0,0.009332306,0
cast_ok_0_141.jpeg,0,0.006747667,0
cast_ok_0_1461.jpeg,0,0.007858744,0
cast_ok_0_153.jpeg,0,0.017434876,0
cast_ok_0_1676.jpeg,0,0.0014356729,0
cast_ok_0_1736.jpeg,0,0.00812761,0
cast_ok_0_1841.jpeg,0,0.27371463,0
cast_ok_0_1930.jpeg,0,0.040248968,0
cast_ok_0_1935.jpeg,0,0.0069219177,0
cast_ok_0_1978.jpeg,0,0.003379213,0
cast_ok_0_2057.jpeg,0,0.0050883056,0
cast_ok_0_2138.jpeg,0,0.004051097,0
cast_ok_0_2200.jpeg,0,0.022600608,0
cast_ok_0_2258.jpeg,0,0.032075863,0
cast_ok_0_2421.jpeg,0,0.04809325,0
cast_ok_0_2517.jpeg,0,0.011545126,0
cast_ok_0_2671.jpeg,0,0.0054781497,0
cast_ok_0_2710.jpeg,0,0.00036250104,0
cast_ok_0_2801.jpeg,0,0.006006251,0
cast_ok_0_2948.jpeg,0,0.0061340616,0
cast_ok_0_3080.jpeg,0,0.012815694,0
cast_ok_0_3183.jpeg,0,0.13915819,0
cast_ok_0_3307.jpeg,0,0.0017393949,0
cast_ok_0_3399.jpeg,0,0.0020058632,0
cast_ok_0_3489.jpeg,0,0.007813674,0
cast_ok_0_3522.jpeg,0,0.04529735,0
cast_ok_0_355.jpeg,0,0.029538836,0
cast_ok_0_3651.jpeg,0,0.0048814365,0
cast_ok_0_3674.jpeg,0,0.030219685,0
cast_ok_0_3774.jpeg,0,0.03743497,0
cast_ok_0_3928.jpeg,0,0.008022438,0
cast_ok_0_4074.jpeg,0,0.03738625,0
cast_ok_0_4184.jpeg,0,0.048121195,0
cast_ok_0_4274.jpeg,0,0.0052034035,0
cast_ok_0_4348.jpeg,0,0.0076797507,0
cast_ok_0_4461.jpeg,0,0.010109851,0
cast_ok_0_4563.jpeg,0,0.0023053368,0
cast_ok_0_4622.jpeg,0,0.019072132,0
cast_ok_0_4685.jpeg,0,0.0007778896,0
cast_ok_0_4779.jpeg,0,0.013556263,0
cast_ok_0_4886.jpeg,0,0.008918495,0
cast_ok_0_4955.jpeg,0,0.013223737,0
cast_ok_0_5034.jpeg,0,0.009892205,0
cast_ok_0_5208.jpeg,0,0.011877763,0
cast_ok_0_5295.jpeg,0,0.0011612147,0
cast_ok_0_5330.jpeg,0,0.031448912,0
cast_ok_0_5431.jpeg,0,0.03208009,0
cast_ok_0_5579.jpeg,0,0.0019140271,0
cast_ok_0_5659.jpeg,0,0.071691416,0
cast_ok_0_5763.jpeg,0,0.009657575,0
cast_ok_0_5793.jpeg,0,0.0009064327,0
cast_ok_0_598.jpeg,0,0.009101928,0
cast_ok_0_6015.jpeg,0,0.0474234,0
cast_ok_0_6095.jpeg,0,0.018932706,0
cast_ok_0_6118.jpeg,0,0.006500145,0
cast_ok_0_625.jpeg,0,0.20402832,0
cast_ok_0_6346.jpeg,0,0.005783028,0
cast_ok_0_6418.jpeg,0,0.0052102725,0
cast_ok_0_6568.jpeg,0,0.12710819,0
cast_ok_0_6684.jpeg,0,0.17006564,0
cast_ok_0_6737.jpeg,0,0.11354856,0
cast_ok_0_6912.jpeg,0,0.0018124224,0
cast_ok_0_7037.jpeg,0,0.0035342267,0
cast_ok_0_7058.jpeg,0,0.00403952,0
cast_ok_0_7127.jpeg,0,0.002388077,0
cast_ok_0_7255.jpeg,0,0.0036183281,0
cast_ok_0_7320.jpeg,0,0.019981468,0
cast_ok_0_7349.jpeg,0,0.0022965348,0
cast_ok_0_7465.jpeg,0,0.01199424,0
cast_ok_0_7588.jpeg,0,0.027826585,0
cast_ok_0_7732.jpeg,0,0.0016789983,0
cast_ok_0_7847.jpeg,0,0.0007706978,0
cast_ok_0_7949.jpeg,0,0.09922814,0
cast_ok_0_8096.jpeg,0,0.003876155,0
cast_ok_0_8147.jpeg,0,0.012569587,0
cast_ok_0_8339.jpeg,0,0.0013450313,0
cast_ok_0_8503.jpeg,0,0.008817503,0
cast_ok_0_8533.jpeg,0,0.053839725,0
cast_ok_0_8637.jpeg,0,0.008969114,0
cast_ok_0_8725.jpeg,0,0.014611935,0
cast_ok_0_8815.jpeg,0,0.0025849433,0
cast_ok_0_8885.jpeg,0,0.007110688,0
cast_ok_0_8960.jpeg,0,0.0058165616,0
cast_ok_0_9054.jpeg,0,0.04148924,0
cast_ok_0_9104.jpeg,0,0.002731702,0
cast_ok_0_9155.jpeg,0,0.010251582,0
cast_ok_0_9225.jpeg,0,0.0018958468,0
cast_ok_0_935.jpeg,0,0.0223388,0
cast_ok_0_9360.jpeg,0,0.009811476,0
cast_ok_0_9422.jpeg,0,0.08880831,0
cast_ok_0_9438.jpeg,0,0.005467713,0
cast_ok_0_9591.jpeg,0,0.006770812,0
cast_ok_0_9662.jpeg,0,0.1262809,0
cast_ok_0_9704.jpeg,0,0.0077119847,0
cast_ok_0_9797.jpeg,0,0.012641164,0
cast_ok_0_9924.jpeg,0,0.028365768,0
cast_ok_0_9978.jpeg,0,0.0014211795,0
cast_def_0_3046.jpeg,1,0.9999776,1
cast_def_0_3328.jpeg,1,0.99999976,1
cast_def_0_3890.jpeg,1,0.9999807,1
cast_def_0_4527.jpeg,1,1.0,1
cast_def_0_4744.jpeg,1,0.9999989,1
cast_def_0_4989.jpeg,1,1.0,1
cast_def_0_5518.jpeg,1,1.0,1
cast_def_0_5787.jpeg,1,0.99972266,1
cast_def_0_6063.jpeg,1,0.9948637,1
cast_def_0_6382.jpeg,1,1.0,1
cast_def_0_6797.jpeg,1,0.9999722,1
cast_def_0_7106.jpeg,1,0.99999774,1
cast_def_0_7314.jpeg,1,1.0,1
cast_def_0_7541.jpeg,1,0.9999505,1
cast_def_0_8083.jpeg,1,0.9999925,1
cast_def_0_8448.jpeg,1,1.0,1
cast_def_0_8823.jpeg,1,0.99946564,1
cast_def_0_9071.jpeg,1,1.0,1
cast_def_0_9319.jpeg,1,0.9946273,1
cast_def_0_9765.jpeg,1,0.99578744,1
cast_def_0_9841.jpeg,1,0.99999475,1
cast_ok_0_1041.jpeg,0,0.07406353,1
cast_ok_0_128.jpeg,0,0.01303677,1
cast_ok_0_142.jpeg,0,0.06396655,1
cast_ok_0_1486.jpeg,0,0.0053339936,1
cast_ok_0_1513.jpeg,0,0.0979494,1
cast_ok_0_1680.jpeg,0,0.15955292,1
cast_ok_0_1739.jpeg,0,0.009738804,1
cast_ok_0_1858.jpeg,0,0.1269263,1
cast_ok_0_1883.jpeg,0,0.77844447,1
cast_ok_0_1937.jpeg,0,0.061839625,1
cast_ok_0_1995.jpeg,0,0.0020144791,1
cast_ok_0_2070.jpeg,0,0.04880151,1
cast_ok_0_2141.jpeg,0,0.117295854,1
cast_ok_0_2214.jpeg,0,0.10885727,1
cast_ok_0_2310.jpeg,0,0.32364985,1
cast_ok_0_235.jpeg,0,0.263728,1
cast_ok_0_2461.jpeg,0,0.054938924,1
cast_ok_0_259.jpeg,0,0.70302665,1
cast_ok_0_2687.jpeg,0,0.17897703,1
cast_ok_0_2805.jpeg,0,0.0120091485,1
cast_ok_0_2862.jpeg,0,0.026019778,1
cast_ok_0_3018.jpeg,0,0.026710706,1
cast_ok_0_3094.jpeg,0,0.06005667,1
cast_ok_0_3185.jpeg,0,0.5064969,1
cast_ok_0_3321.jpeg,0,0.00864981,1
cast_ok_0_3416.jpeg,0,0.027110422,1
cast_ok_0_3508.jpeg,0,0.010616604,1
cast_ok_0_3570.jpeg,0,0.09643816,1
cast_ok_0_3640.jpeg,0,0.024338543,1
cast_ok_0_3676.jpeg,0,0.01171996,1
cast_ok_0_3803.jpeg,0,0.03614664,1
cast_ok_0_3842.jpeg,0,0.034062807,1
cast_ok_0_4117.jpeg,0,0.0040319455,1
cast_ok_0_4192.jpeg,0,0.26819313,1
cast_ok_0_4291.jpeg,0,0.018749703,1
cast_ok_0_4371.jpeg,0,0.05912396,1
cast_ok_0_4462.jpeg,0,0.13704523,1
cast_ok_0_4574.jpeg,0,0.025907936,1
cast_ok_0_4623.jpeg,0,0.4948579,1
cast_ok_0_4689.jpeg,0,0.095669866,1
cast_ok_0_4816.jpeg,0,0.04374483,1
cast_ok_0_4891.jpeg,0,0.019301122,1
cast_ok_0_4962.jpeg,0,0.34253785,1
cast_ok_0_504.jpeg,0,0.12053353,1
cast_ok_0_5220.jpeg,0,0.007661023,1
cast_ok_0_5307.jpeg,0,0.0022423123,1
cast_ok_0_5364.jpeg,0,0.0036040605,1
cast_ok_0_5408.jpeg,0,0.020666488,1
cast_ok_0_5519.jpeg,0,0.34010965,1
cast_ok_0_5606.jpeg,0,0.011709846,1
cast_ok_0_5731.jpeg,0,0.011189215,1
cast_ok_0_5809.jpeg,0,0.3005468,1
cast_ok_0_6011.jpeg,0,0.422151,1
cast_ok_0_6064.jpeg,0,0.0010928983,1
cast_ok_0_6106.jpeg,0,0.00054208084,1
cast_ok_0_6134.jpeg,0,0.630664,1
cast_ok_0_6250.jpeg,0,0.21110159,1
cast_ok_0_6356.jpeg,0,0.44661316,1
cast_ok_0_6478.jpeg,0,0.06277093,1
cast_ok_0_6498.jpeg,0,0.6537462,1
cast_ok_0_6563.jpeg,0,0.089612976,1
cast_ok_0_6695.jpeg,0,0.0024179777,1
cast_ok_0_6753.jpeg,0,0.08154341,1
cast_ok_0_681.jpeg,0,0.042882293,1
cast_ok_0_6965.jpeg,0,0.31112084,1
cast_ok_0_7051.jpeg,0,0.12976876,1
cast_ok_0_709.jpeg,0,0.037338078,1
cast_ok_0_716.jpeg,0,0.1355005,1
cast_ok_0_7319.jpeg,0,0.003981606,1
cast_ok_0_7380.jpeg,0,0.27330655,1
cast_ok_0_7547.jpeg,0,0.0016795642,1
cast_ok_0_7587.jpeg,0,0.050634284,1
cast_ok_0_7740.jpeg,0,0.30156493,1
cast_ok_0_7824.jpeg,0,0.500494,1
cast_ok_0_7933.jpeg,0,0.23812725,1
cast_ok_0_8095.jpeg,0,0.11401106,1
cast_ok_0_8152.jpeg,0,0.042522337,1
cast_ok_0_8351.jpeg,0,0.006923934,1
cast_ok_0_8392.jpeg,0,0.20439741,1
cast_ok_0_8538.jpeg,0,0.0651633,1
cast_ok_0_8643.jpeg,0,0.21295641,1
cast_ok_0_8726.jpeg,0,0.043873902,1
cast_ok_0_8835.jpeg,0,0.0836274,1
cast_ok_0_8904.jpeg,0,0.016415337,1
cast_ok_0_8964.jpeg,0,0.34138325,1
cast_ok_0_9064.jpeg,0,0.046665717,1
cast_ok_0_9098.jpeg,0,0.10141176,1
cast_ok_0_9161.jpeg,0,0.006616502,1
cast_ok_0_9219.jpeg,0,0.04963475,1
cast_ok_0_9274.jpeg,0,0.0049337205,1
cast_ok_0_9420.jpeg,0,0.0013878504,1
cast_ok_0_9447.jpeg,0,0.09853736,1
cast_ok_0_9598.jpeg,0,0.3420408,1
cast_ok_0_9636.jpeg,0,0.06798557,1
cast_ok_0_9705.jpeg,0,0.2809686,1
cast_ok_0_9805.jpeg,0,0.004604158,1
cast_ok_0_9941.jpeg,0,0.055818904,1
cast_ok_0_998.jpeg,0,0.045688875,1
cast_def_0_2813.jpeg,1,0.9999994,2
cast_def_0_3074.jpeg,1,0.9998399,2
cast_def_0_3607.jpeg,1,0.9999826,2
cast_def_0_4034.jpeg,1,0.9999871,2
cast_def_0_4848.jpeg,1,0.9999821,2
cast_def_0_5042.jpeg,1,0.9959447,2
cast_def_0_5516.jpeg,1,0.9996086,2
cast_def_0_5819.jpeg,1,0.99999666,2
cast_def_0_6121.jpeg,1,0.99963,2
cast_def_0_6383.jpeg,1,0.999998,2
cast_def_0_6835.jpeg,1,0.9999877,2
cast_def_0_7160.jpeg,1,1.0,2
cast_def_0_7373.jpeg,1,0.99989533,2
cast_def_0_7553.jpeg,1,0.9999994,2
cast_def_0_8246.jpeg,1,0.9999995,2
cast_def_0_8470.jpeg,1,0.99996865,2
cast_def_0_8694.jpeg,1,0.9999994,2
cast_def_0_8853.jpeg,1,0.9992459,2
cast_def_0_9542.jpeg,1,0.99999523,2
cast_def_0_9792.jpeg,1,0.99999976,2
cast_def_0_9848.jpeg,1,0.99999464,2
cast_ok_0_1092.jpeg,0,0.7381411,2
cast_ok_0_1293.jpeg,0,0.43243513,2
cast_ok_0_1426.jpeg,0,0.39315686,2
cast_ok_0_1493.jpeg,0,0.054388575,2
cast_ok_0_157.jpeg,0,0.03593335,2
cast_ok_0_1686.jpeg,0,0.07690739,2
cast_ok_0_1690.jpeg,0,0.5402303,2
cast_ok_0_1795.jpeg,0,0.43638223,2
cast_ok_0_1903.jpeg,0,0.024138313,2
cast_ok_0_1953.jpeg,0,0.6085225,2
cast_ok_0_2002.jpeg,0,0.070758745,2
cast_ok_0_2082.jpeg,0,0.019143043,2
cast_ok_0_2144.jpeg,0,0.007432118,2
cast_ok_0_2227.jpeg,0,0.50594485,2
cast_ok_0_2326.jpeg,0,0.11747166,2
cast_ok_0_2439.jpeg,0,0.11923173,2
cast_ok_0_2534.jpeg,0,0.20474572,2
cast_ok_0_2685.jpeg,0,0.6618336,2
cast_ok_0_273.jpeg,0,0.7365899,2
cast_ok_0_2946.jpeg,0,0.25419888,2
cast_ok_0_2996.jpeg,0,0.118060835,2
cast_ok_0_3114.jpeg,0,0.14028502,2
cast_ok_0_3238.jpeg,0,0.005947894,2
cast_ok_0_3326.jpeg,0,0.02595637,2
cast_ok_0_3440.jpeg,0,0.5057053,2
cast_ok_0_3500.jpeg,0,0.079070784,2
cast_ok_0_3588.jpeg,0,0.1955324,2
cast_ok_0_3659.jpeg,0,0.37728184,2
cast_ok_0_3691.jpeg,0,0.03134804,2
cast_ok_0_376.jpeg,0,0.2304849,2
cast_ok_0_3889.jpeg,0,0.15053362,2
cast_ok_0_4140.jpeg,0,0.6087307,2
cast_ok_0_4238.jpeg,0,0.50097835,2
cast_ok_0_4293.jpeg,0,0.2244535,2
cast_ok_0_4405.jpeg,0,0.100958705,2
cast_ok_0_4528.jpeg,0,0.3846822,2
cast_ok_0_4607.jpeg,0,0.739878,2
cast_ok_0_4634.jpeg,0,0.031473707,2
cast_ok_0_4711.jpeg,0,0.40019095,2
cast_ok_0_4862.jpeg,0,0.81649065,2
cast_ok_0_4905.jpeg,0,0.0028466606,2
cast_ok_0_4974.jpeg,0,0.5445776,2
cast_ok_0_5056.jpeg,0,0.023453657,2
cast_ok_0_5223.jpeg,0,0.14457262,2
cast_ok_0_5314.jpeg,0,0.9317103,2
cast_ok_0_5407.jpeg,0,0.51040953,2
cast_ok_0_551.jpeg,0,0.13505614,2
cast_ok_0_5590.jpeg,0,0.058585647,2
cast_ok_0_5722.jpeg,0,0.064747654,2
cast_ok_0_5790.jpeg,0,0.1818028,2
cast_ok_0_5791.jpeg,0,0.6683594,2
cast_ok_0_6014.jpeg,0,0.34170994,2
cast_ok_0_6080.jpeg,0,0.019134266,2
cast_ok_0_6115.jpeg,0,0.1688297,2
cast_ok_0_6234.jpeg,0,0.17639735,2
cast_ok_0_6344.jpeg,0,0.6192253,2
cast_ok_0_6386.jpeg,0,0.18617985,2
cast_ok_0_6522.jpeg,0,0.028935215,2
cast_ok_0_6580.jpeg,0,0.035242755,2
cast_ok_0_6712.jpeg,0,0.03646678,2
cast_ok_0_6730.jpeg,0,0.032582767,2
cast_ok_0_6931.jpeg,0,0.008132694,2
cast_ok_0_6994.jpeg,0,0.47714838,2
cast_ok_0_7044.jpeg,0,0.12732707,2
cast_ok_0_7066.jpeg,0,0.0054452987,2
cast_ok_0_7129.jpeg,0,0.16629137,2
cast_ok_0_7260.jpeg,0,0.35353124,2
cast_ok_0_7324.jpeg,0,0.5895118,2
cast_ok_0_7424.jpeg,0,0.11211936,2
cast_ok_0_7531.jpeg,0,0.2999257,2
cast_ok_0_7597.jpeg,0,0.95548534,2
cast_ok_0_7667.jpeg,0,0.3637152,2
cast_ok_0_778.jpeg,0,0.0118792085,2
cast_ok_0_7854.jpeg,0,0.61839706,2
cast_ok_0_7982.jpeg,0,0.05457202,2
cast_ok_0_8124.jpeg,0,0.8493852,2
cast_ok_0_8221.jpeg,0,0.051511876,2
cast_ok_0_827.jpeg,0,0.23162328,2
cast_ok_0_8505.jpeg,0,0.06024474,2
cast_ok_0_8545.jpeg,0,0.09518642,2
cast_ok_0_8687.jpeg,0,0.053540412,2
cast_ok_0_8740.jpeg,0,0.31439835,2
cast_ok_0_8808.jpeg,0,0.105092525,2
cast_ok_0_8924.jpeg,0,0.5541819,2
cast_ok_0_8966.jpeg,0,0.4713749,2
cast_ok_0_9085.jpeg,0,0.011677414,2
cast_ok_0_9129.jpeg,0,0.13367273,2
cast_ok_0_9165.jpeg,0,0.15459807,2
cast_ok_0_9250.jpeg,0,0.13391617,2
cast_ok_0_937.jpeg,0,0.6757322,2
cast_ok_0_9434.jpeg,0,0.19893906,2
cast_ok_0_9491.jpeg,0,0.15643424,2
cast_ok_0_9623.jpeg,0,0.024324423,2
cast_ok_0_9670.jpeg,0,0.1348006,2
cast_ok_0_973.jpeg,0,0.8789962,2
cast_ok_0_9878.jpeg,0,0.67736894,2
cast_ok_0_9915.jpeg,0,0.01628642,2
cast_ok_0_9955.jpeg,0,0.7524304,2
cast_def_0_2827.jpeg,1,0.99890196,3
cast_def_0_3133.jpeg,1,0.99994016,3
cast_def_0_3541.jpeg,1,0.9999732,3
cast_def_0_3690.jpeg,1,0.9998852,3
cast_def_0_4127.jpeg,1,0.99166566,3
cast_def_0_4546.jpeg,1,0.995619,3
cast_def_0_4889.jpeg,1,0.99999976,3
cast_def_0_5185.jpeg,1,0.9999981,3
cast_def_0_5533.jpeg,1,0.9999654,3
cast_def_0_5833.jpeg,1,0.9999943,3
cast_def_0_5997.jpeg,1,0.99999774,3
cast_def_0_6493.jpeg,1,0.9955596,3
cast_def_0_6902.jpeg,1,0.9976794,3
cast_def_0_6963.jpeg,1,0.9999354,3
cast_def_0_7288.jpeg,1,0.99999964,3
cast_def_0_7481.jpeg,1,0.9999994,3
cast_def_0_8121.jpeg,1,0.97750276,3
cast_def_0_8615.jpeg,1,0.9999404,3
cast_def_0_8824.jpeg,1,0.9990901,3
cast_def_0_9229.jpeg,1,0.9999939,3
cast_def_0_9697.jpeg,1,0.9996513,3
cast_def_0_9816.jpeg,1,0.9999318,3
cast_def_0_9880.jpeg,1,0.9999716,3
cast_ok_0_1160.jpeg,0,0.08173542,3
cast_ok_0_1307.jpeg,0,0.006377884,3
cast_ok_0_1468.jpeg,0,0.0015007198,3
cast_ok_0_1602.jpeg,0,0.0025849384,3
cast_ok_0_1688.jpeg,0,0.018087426,3
cast_ok_0_1742.jpeg,0,0.028155608,3
cast_ok_0_1859.jpeg,0,0.44417042,3
cast_ok_0_1933.jpeg,0,0.014363374,3
cast_ok_0_1962.jpeg,0,0.05149126,3
cast_ok_0_2012.jpeg,0,0.005092363,3
cast_ok_0_2095.jpeg,0,0.004625971,3
cast_ok_0_2134.jpeg,0,0.0021842583,3
cast_ok_0_2194.jpeg,0,0.06720944,3
cast_ok_0_2238.jpeg,0,0.0019039025,3
cast_ok_0_2392.jpeg,0,0.004619516,3
cast_ok_0_2477.jpeg,0,0.22784252,3
cast_ok_0_262.jpeg,0,0.0015191966,3
cast_ok_0_2708.jpeg,0,0.005373588,3
cast_ok_0_2865.jpeg,0,0.002714055,3
cast_ok_0_3027.jpeg,0,0.0020667976,3
cast_ok_0_3170.jpeg,0,0.04330989,3
cast_ok_0_3278.jpeg,0,0.09862376,3
cast_ok_0_3381.jpeg,0,0.019558974,3
cast_ok_0_3449.jpeg,0,0.008858484,3
cast_ok_0_3457.jpeg,0,0.00062439113,3
cast_ok_0_3616.jpeg,0,0.013686387,3
cast_ok_0_3642.jpeg,0,0.014352241,3
cast_ok_0_3727.jpeg,0,0.0029133689,3
cast_ok_0_3812.jpeg,0,0.0022839296,3
cast_ok_0_3938.jpeg,0,0.0029463416,3
cast_ok_0_4149.jpeg,0,0.010093631,3
cast_ok_0_4252.jpeg,0,0.1130423,3
cast_ok_0_4320.jpeg,0,0.12614848,3
cast_ok_0_4349.jpeg,0,0.0002562621,3
cast_ok_0_450.jpeg,0,0.04345845,3
cast_ok_0_4584.jpeg,0,0.0005972121,3
cast_ok_0_4632.jpeg,0,0.0012191464,3
cast_ok_0_4727.jpeg,0,0.024163159,3
cast_ok_0_4868.jpeg,0,0.0059304764,3
cast_ok_0_4908.jpeg,0,0.021510284,3
cast_ok_0_4994.jpeg,0,0.9775359,3
cast_ok_0_5160.jpeg,0,0.10810594,3
cast_ok_0_5228.jpeg,0,0.0038699354,3
cast_ok_0_5237.jpeg,0,0.013574312,3
cast_ok_0_532.jpeg,0,0.005257176,3
cast_ok_0_5427.jpeg,0,0.002048311,3
cast_ok_0_5531.jpeg,0,0.16559,3
cast_ok_0_5609.jpeg,0,0.00029629873,3
cast_ok_0_576.jpeg,0,0.027683826,3
cast_ok_0_5853.jpeg,0,0.00058983784,3
cast_ok_0_5931.jpeg,0,0.016040914,3
cast_ok_0_5997.jpeg,0,0.058891993,3
cast_ok_0_6027.jpeg,0,0.058130644,3
cast_ok_0_6083.jpeg,0,0.0049040765,3
cast_ok_0_6156.jpeg,0,0.012723547,3
cast_ok_0_6254.jpeg,0,0.01241834,3
cast_ok_0_6392.jpeg,0,0.061988845,3
cast_ok_0_6547.jpeg,0,0.0034158407,3
cast_ok_0_660.jpeg,0,0.018360874,3
cast_ok_0_6714.jpeg,0,0.35638615,3
cast_ok_0_6789.jpeg,0,0.0045086117,3
cast_ok_0_6898.jpeg,0,0.005419253,3
cast_ok_0_6997.jpeg,0,0.014072318,3
cast_ok_0_7054.jpeg,0,0.030078504,3
cast_ok_0_7095.jpeg,0,0.0018396754,3
cast_ok_0_7233.jpeg,0,0.002849995,3
cast_ok_0_7330.jpeg,0,0.0035695033,3
cast_ok_0_740.jpeg,0,0.0042364467,3
cast_ok_0_7565.jpeg,0,0.0055418015,3
cast_ok_0_7609.jpeg,0,0.0116273975,3
cast_ok_0_7806.jpeg,0,0.07068573,3
cast_ok_0_7903.jpeg,0,0.0064105117,3
cast_ok_0_8010.jpeg,0,0.0074997838,3
cast_ok_0_8126.jpeg,0,0.0019488827,3
cast_ok_0_8269.jpeg,0,0.007596251,3
cast_ok_0_8307.jpeg,0,0.0064737713,3
cast_ok_0_8517.jpeg,0,0.070313446,3
cast_ok_0_8600.jpeg,0,0.093514815,3
cast_ok_0_8619.jpeg,0,0.0004903787,3
cast_ok_0_8761.jpeg,0,0.06948571,3
cast_ok_0_8863.jpeg,0,0.013940004,3
cast_ok_0_8934.jpeg,0,0.019960297,3
cast_ok_0_8967.jpeg,0,0.0051294756,3
cast_ok_0_9087.jpeg,0,0.003070367,3
cast_ok_0_913.jpeg,0,0.0341519,3
cast_ok_0_9179.jpeg,0,0.0034478302,3
cast_ok_0_9256.jpeg,0,0.0075921007,3
cast_ok_0_9386.jpeg,0,0.020394282,3
cast_ok_0_9436.jpeg,0,0.0071888515,3
cast_ok_0_9499.jpeg,0,0.051869523,3
cast_ok_0_963.jpeg,0,0.0026275755,3
cast_ok_0_9695.jpeg,0,0.41007334,3
cast_ok_0_9783.jpeg,0,0.017932521,3
cast_ok_0_9837.jpeg,0,0.0031823367,3
cast_ok_0_9945.jpeg,0,0.0040658955,3
cast_ok_0_9957.jpeg,0,0.0038865062,3
cast_def_0_2834.jpeg,1,0.9998227,4
cast_def_0_3171.jpeg,1,1.0,4
cast_def_0_3793.jpeg,1,0.99988675,4
cast_def_0_4415.jpeg,1,0.9999995,4
cast_def_0_4942.jpeg,1,0.99997556,4
cast_def_0_5225.jpeg,1,0.999959,4
cast_def_0_5583.jpeg,1,0.9998677,4
cast_def_0_5859.jpeg,1,0.9997876,4
cast_def_0_6196.jpeg,1,0.9999949,4
cast_def_0_6531.jpeg,1,0.99999976,4
cast_def_0_6539.jpeg,1,0.99968386,4
cast_def_0_7269.jpeg,1,0.9999869,4
cast_def_0_7433.jpeg,1,1.0,4
cast_def_0_7712.jpeg,1,0.9988023,4
cast_def_0_8226.jpeg,1,0.99018747,4
cast_def_0_8652.jpeg,1,0.9943175,4
cast_def_0_8833.jpeg,1,0.99969256,4
cast_def_0_9301.jpeg,1,0.80637103,4
cast_def_0_9713.jpeg,1,0.9994217,4
cast_def_0_9817.jpeg,1,1.0,4
cast_def_0_9888.jpeg,1,0.9999161,4
cast_ok_0_1132.jpeg,0,0.00030382557,4
cast_ok_0_1174.jpeg,0,0.024481717,4
cast_ok_0_1328.jpeg,0,0.034365535,4
cast_ok_0_1482.jpeg,0,0.017746886,4
cast_ok_0_1665.jpeg,0,0.012234053,4
cast_ok_0_1678.jpeg,0,0.00045211823,4
cast_ok_0_1763.jpeg,0,0.0043137292,4
cast_ok_0_1792.jpeg,0,0.0044057085,4
cast_ok_0_1910.jpeg,0,0.0023467958,4
cast_ok_0_1970.jpeg,0,0.013459649,4
cast_ok_0_2056.jpeg,0,0.038695395,4
cast_ok_0_2118.jpeg,0,0.023488685,4
cast_ok_0_2187.jpeg,0,0.0013294264,4
cast_ok_0_2233.jpeg,0,0.006178009,4
cast_ok_0_2249.jpeg,0,0.04266917,4
cast_ok_0_242.jpeg,0,0.16805874,4
cast_ok_0_2479.jpeg,0,0.04726093,4
cast_ok_0_266.jpeg,0,0.005424344,4
cast_ok_0_271.jpeg,0,0.058256615,4
cast_ok_0_2902.jpeg,0,0.0215474,4
cast_ok_0_3052.jpeg,0,0.16800892,4
cast_ok_0_3064.jpeg,0,0.01560651,4
cast_ok_0_3210.jpeg,0,0.018840307,4
cast_ok_0_3362.jpeg,0,0.012049872,4
cast_ok_0_3443.jpeg,0,0.039070133,4
cast_ok_0_3548.jpeg,0,0.008278212,4
cast_ok_0_3626.jpeg,0,0.01279103,4
cast_ok_0_3662.jpeg,0,0.002293172,4
cast_ok_0_3741.jpeg,0,0.021467218,4
cast_ok_0_3819.jpeg,0,0.0018969597,4
cast_ok_0_3971.jpeg,0,0.0583505,4
cast_ok_0_4152.jpeg,0,0.24608447,4
cast_ok_0_4155.jpeg,0,0.006934246,4
cast_ok_0_427.jpeg,0,0.014905132,4
cast_ok_0_4308.jpeg,0,0.0078042937,4
cast_ok_0_4428.jpeg,0,0.024506554,4
cast_ok_0_454.jpeg,0,0.007867412,4
cast_ok_0_4619.jpeg,0,0.032987017,4
cast_ok_0_4671.jpeg,0,0.038809557,4
cast_ok_0_4739.jpeg,0,0.004545423,4
cast_ok_0_4751.jpeg,0,0.016539373,4
cast_ok_0_4834.jpeg,0,0.003000452,4
cast_ok_0_4910.jpeg,0,0.008281175,4
cast_ok_0_4934.jpeg,0,0.03368059,4
cast_ok_0_5013.jpeg,0,0.0009138811,4
cast_ok_0_5167.jpeg,0,0.028131723,4
cast_ok_0_5238.jpeg,0,0.01727113,4
cast_ok_0_5323.jpeg,0,0.012610686,4
cast_ok_0_5392.jpeg,0,0.010895974,4
cast_ok_0_5562.jpeg,0,0.024395876,4
cast_ok_0_5641.jpeg,0,0.009382015,4
cast_ok_0_5770.jpeg,0,0.014743651,4
cast_ok_0_5858.jpeg,0,0.008539266,4
cast_ok_0_5944.jpeg,0,0.032055233,4
cast_ok_0_6057.jpeg,0,0.006680765,4
cast_ok_0_6110.jpeg,0,0.0077860593,4
cast_ok_0_6205.jpeg,0,0.03887351,4
cast_ok_0_6265.jpeg,0,0.0020822347,4
cast_ok_0_6406.jpeg,0,0.005844245,4
cast_ok_0_6407.jpeg,0,0.008262079,4
cast_ok_0_6606.jpeg,0,0.07584724,4
cast_ok_0_6620.jpeg,0,0.13558479,4
cast_ok_0_6718.jpeg,0,0.0006391174,4
cast_ok_0_6731.jpeg,0,0.08745426,4
cast_ok_0_7018.jpeg,0,0.60486704,4
cast_ok_0_7055.jpeg,0,0.0069273347,4
cast_ok_0_710.jpeg,0,0.01315762,4
cast_ok_0_7241.jpeg,0,0.009757053,4
cast_ok_0_7332.jpeg,0,0.012546084,4
cast_ok_0_7333.jpeg,0,0.020296112,4
cast_ok_0_7534.jpeg,0,0.0025257403,4
cast_ok_0_7664.jpeg,0,0.30543563,4
cast_ok_0_7823.jpeg,0,0.009123641,4
cast_ok_0_7915.jpeg,0,0.020638598,4
cast_ok_0_807.jpeg,0,0.057370853,4
cast_ok_0_8107.jpeg,0,0.10364268,4
cast_ok_0_8196.jpeg,0,0.0789427,4
cast_ok_0_8366.jpeg,0,0.003068194,4
cast_ok_0_8436.jpeg,0,0.0010135841,4
cast_ok_0_8599.jpeg,0,0.057982408,4
cast_ok_0_8693.jpeg,0,0.019244434,4
cast_ok_0_8788.jpeg,0,0.07113975,4
cast_ok_0_8877.jpeg,0,0.09144519,4
cast_ok_0_8950.jpeg,0,0.031241981,4
cast_ok_0_9014.jpeg,0,0.00870423,4
cast_ok_0_9056.jpeg,0,0.08192512,4
cast_ok_0_9149.jpeg,0,0.004943192,4
cast_ok_0_9195.jpeg,0,0.01865666,4
cast_ok_0_927.jpeg,0,0.012190131,4
cast_ok_0_9393.jpeg,0,0.1729616,4
cast_ok_0_9437.jpeg,0,0.0032396014,4
cast_ok_0_9558.jpeg,0,0.0042751646,4
cast_ok_0_9633.jpeg,0,0.00952477,4
cast_ok_0_9671.jpeg,0,0.0003237018,4
cast_ok_0_9748.jpeg,0,0.038766198,4
cast_ok_0_989.jpeg,0,0.014089105,4
cast_ok_0_9946.jpeg,0,0.0027109021,4
cast_ok_0_9961.jpeg,0,0.019915769,4
