filename,label,prob,fold,z
cast_def_0_2949.jpeg,1,0.118124716,0,-2.0103096961975098
cast_def_0_3320.jpeg,1,0.9961815,0,5.564047813415527
cast_def_0_3622.jpeg,1,1.0,0,18.775409698486328
cast_def_0_3981.jpeg,1,0.9957361,0,5.453301906585693
cast_def_0_4778.jpeg,1,0.9885168,0,4.455325603485107
cast_def_0_4953.jpeg,1,0.9908544,0,4.6852922439575195
cast_def_0_5393.jpeg,1,0.9997178,0,8.172680854797363
cast_def_0_5641.jpeg,1,0.9999999,0,15.902023315429688
cast_def_0_5980.jpeg,1,1.0,0,20.45724868774414
cast_def_0_6243.jpeg,1,0.9999585,0,10.09089469909668
cast_def_0_6596.jpeg,1,0.9999993,0,14.171777725219727
cast_def_0_6988.jpeg,1,0.023832094,0,-3.71260142326355
cast_def_0_7311.jpeg,1,0.99992573,0,9.507734298706055
cast_def_0_7492.jpeg,1,1.0,0,23.431100845336914
cast_def_0_7977.jpeg,1,1.0,0,19.14864158630371
cast_def_0_8269.jpeg,1,0.993117,0,4.971796035766602
cast_def_0_8780.jpeg,1,0.9996755,0,8.0328369140625
cast_def_0_9048.jpeg,1,0.99999607,0,12.437911987304688
cast_def_0_9616.jpeg,1,0.999236,0,7.176197528839111
cast_def_0_9799.jpeg,1,0.99833775,0,6.397899627685547
cast_def_0_9871.jpeg,1,1.0,0,18.75596046447754
cast_ok_0_1028.jpeg,0,0.0050547845,0,-5.282352447509766
cast_ok_0_1241.jpeg,0,0.009332306,0,-4.6648969650268555
cast_ok_0_141.jpeg,0,0.006747667,0,-4.991787910461426
cast_ok_0_1461.jpeg,0,0.007858744,0,-4.838238716125488
cast_ok_0_153.jpeg,0,0.017434876,0,-4.031693935394287
cast_ok_0_1676.jpeg,0,0.0014356729,0,-6.544684886932373
cast_ok_0_1736.jpeg,0,0.00812761,0,-4.804327487945557
cast_ok_0_1841.jpeg,0,0.27371463,0,-0.9758569002151489
cast_ok_0_1930.jpeg,0,0.040248968,0,-3.1715896129608154
cast_ok_0_1935.jpeg,0,0.0069219177,0,-4.966116428375244
cast_ok_0_1978.jpeg,0,0.003379213,0,-5.686727523803711
cast_ok_0_2057.jpeg,0,0.0050883056,0,-5.27570915222168
cast_ok_0_2138.jpeg,0,0.004051097,0,-5.504708290100098
cast_ok_0_2200.jpeg,0,0.022600608,0,-3.766918420791626
cast_ok_0_2258.jpeg,0,0.032075863,0,-3.4070498943328857
cast_ok_0_2421.jpeg,0,0.04809325,0,-2.985325336456299
cast_ok_0_2517.jpeg,0,0.011545126,0,-4.4498796463012695
cast_ok_0_2671.jpeg,0,0.0054781497,0,-5.2014946937561035
cast_ok_0_2710.jpeg,0,0.00036250104,0,-7.922120571136475
cast_ok_0_2801.jpeg,0,0.006006251,0,-5.1089301109313965
cast_ok_0_2948.jpeg,0,0.0061340616,0,-5.087745189666748
cast_ok_0_3080.jpeg,0,0.012815694,0,-4.344186305999756
cast_ok_0_3183.jpeg,0,0.13915819,0,-1.8222994804382324
cast_ok_0_3307.jpeg,0,0.0017393949,0,-6.352477073669434
cast_ok_0_3399.jpeg,0,0.0020058632,0,-6.209672927856445
cast_ok_0_3489.jpeg,0,0.007813674,0,-4.844035625457764
cast_ok_0_3522.jpeg,0,0.04529735,0,-3.0481514930725098
cast_ok_0_355.jpeg,0,0.029538836,0,-3.4920654296875
cast_ok_0_3651.jpeg,0,0.0048814365,0,-5.317422389984131
cast_ok_0_3674.jpeg,0,0.030219685,0,-3.468575954437256
cast_ok_0_3774.jpeg,0,0.03743497,0,-3.2469964027404785
cast_ok_0_3928.jpeg,0,0.008022438,0,-4.817458152770996
cast_ok_0_4074.jpeg,0,0.03738625,0,-3.248349189758301
cast_ok_0_4184.jpeg,0,0.048121195,0,-2.984714984893799
cast_ok_0_4274.jpeg,0,0.0052034035,0,-5.253225326538086
cast_ok_0_4348.jpeg,0,0.0076797507,0,-4.861458778381348
cast_ok_0_4461.jpeg,0,0.010109851,0,-4.584083557128906
cast_ok_0_4563.jpeg,0,0.0023053368,0,-6.070220470428467
cast_ok_0_4622.jpeg,0,0.019072132,0,-3.9402706623077393
cast_ok_0_4685.jpeg,0,0.0007778896,0,-7.158147811889648
cast_ok_0_4779.jpeg,0,0.013556263,0,-4.287257671356201
cast_ok_0_4886.jpeg,0,0.008918495,0,-4.71066951751709
cast_ok_0_4955.jpeg,0,0.013223737,0,-4.312429904937744
cast_ok_0_5034.jpeg,0,0.009892205,0,-4.606066703796387
cast_ok_0_5208.jpeg,0,0.011877763,0,-4.421138286590576
cast_ok_0_5295.jpeg,0,0.0011612147,0,-6.757126808166504
cast_ok_0_5330.jpeg,0,0.031448912,0,-3.4274368286132812
cast_ok_0_5431.jpeg,0,0.03208009,0,-3.4069137573242188
cast_ok_0_5579.jpeg,0,0.0019140271,0,-6.256629943847656
cast_ok_0_5659.jpeg,0,0.071691416,0,-2.560993194580078
cast_ok_0_5763.jpeg,0,0.009657575,0,-4.630308151245117
cast_ok_0_5793.jpeg,0,0.0009064327,0,-7.005086898803711
cast_ok_0_598.jpeg,0,0.009101928,0,-4.690125465393066
cast_ok_0_6015.jpeg,0,0.0474234,0,-3.0000548362731934
cast_ok_0_6095.jpeg,0,0.018932706,0,-3.9477500915527344
cast_ok_0_6118.jpeg,0,0.006500145,0,-5.029409408569336
cast_ok_0_625.jpeg,0,0.20402832,0,-1.361304759979248
cast_ok_0_6346.jpeg,0,0.005783028,0,-5.147027969360352
cast_ok_0_6418.jpeg,0,0.0052102725,0,-5.251899242401123
cast_ok_0_6568.jpeg,0,0.12710819,0,-1.926772952079773
cast_ok_0_6684.jpeg,0,0.17006564,0,-1.5851621627807617
cast_ok_0_6737.jpeg,0,0.11354856,0,-2.0549957752227783
cast_ok_0_6912.jpeg,0,0.0018124224,0,-6.311276912689209
cast_ok_0_7037.jpeg,0,0.0035342267,0,-5.641720294952393
cast_ok_0_7058.jpeg,0,0.00403952,0,-5.50758171081543
cast_ok_0_7127.jpeg,0,0.002388077,0,-6.034875869750977
cast_ok_0_7255.jpeg,0,0.0036183281,0,-5.6181182861328125
cast_ok_0_7320.jpeg,0,0.019981468,0,-3.892766237258911
cast_ok_0_7349.jpeg,0,0.0022965348,0,-6.074054718017578
cast_ok_0_7465.jpeg,0,0.01199424,0,-4.411262035369873
cast_ok_0_7588.jpeg,0,0.027826585,0,-3.553542375564575
cast_ok_0_7732.jpeg,0,0.0016789983,0,-6.387877464294434
cast_ok_0_7847.jpeg,0,0.0007706978,0,-7.16744327545166
cast_ok_0_7949.jpeg,0,0.09922814,0,-2.2058303356170654
cast_ok_0_8096.jpeg,0,0.003876155,0,-5.549027919769287
cast_ok_0_8147.jpeg,0,0.012569587,0,-4.363825798034668
cast_ok_0_8339.jpeg,0,0.0013450313,0,-6.609992027282715
cast_ok_0_8503.jpeg,0,0.008817503,0,-4.7221598625183105
cast_ok_0_8533.jpeg,0,0.053839725,0,-2.8664004802703857
cast_ok_0_8637.jpeg,0,0.008969114,0,-4.704958915710449
cast_ok_0_8725.jpeg,0,0.014611935,0,-4.2111968994140625
cast_ok_0_8815.jpeg,0,0.0025849433,0,-5.955463409423828
cast_ok_0_8885.jpeg,0,0.007110688,0,-4.939020156860352
cast_ok_0_8960.jpeg,0,0.0058165616,0,-5.141212463378906
cast_ok_0_9054.jpeg,0,0.04148924,0,-3.139946699142456
cast_ok_0_9104.jpeg,0,0.002731702,0,-5.900094985961914
cast_ok_0_9155.jpeg,0,0.010251582,0,-4.570018768310547
cast_ok_0_9225.jpeg,0,0.0018958468,0,-6.2661919593811035
cast_ok_0_935.jpeg,0,0.0223388,0,-3.7788381576538086
cast_ok_0_9360.jpeg,0,0.009811476,0,-4.61434268951416
cast_ok_0_9422.jpeg,0,0.08880831,0,-2.328273057937622
cast_ok_0_9438.jpeg,0,0.005467713,0,-5.203412055969238
cast_ok_0_9591.jpeg,0,0.006770812,0,-4.988340377807617
cast_ok_0_9662.jpeg,0,0.1262809,0,-1.9342501163482666
cast_ok_0_9704.jpeg,0,0.0077119847,0,-4.857237815856934
cast_ok_0_9797.jpeg,0,0.012641164,0,-4.358075141906738
cast_ok_0_9924.jpeg,0,0.028365768,0,-3.5337963104248047
cast_ok_0_9978.jpeg,0,0.0014211795,0,-6.554845809936523
cast_def_0_3046.jpeg,1,0.9999776,1,10.704208374023438
cast_def_0_3328.jpeg,1,0.99999976,1,15.311467170715332
cast_def_0_3890.jpeg,1,0.9999807,1,10.85173511505127
cast_def_0_4527.jpeg,1,1.0,1,17.55574607849121
cast_def_0_4744.jpeg,1,0.9999989,1,13.701261520385742
cast_def_0_4989.jpeg,1,1.0,1,17.49165916442871
cast_def_0_5518.jpeg,1,1.0,1,21.055519104003906
cast_def_0_5787.jpeg,1,0.99972266,1,8.190147399902344
cast_def_0_6063.jpeg,1,0.9948637,1,5.266277313232422
cast_def_0_6382.jpeg,1,1.0,1,17.780094146728516
cast_def_0_6797.jpeg,1,0.9999722,1,10.491317749023438
cast_def_0_7106.jpeg,1,0.99999774,1,12.978109359741211
cast_def_0_7314.jpeg,1,1.0,1,23.510944366455078
cast_def_0_7541.jpeg,1,0.9999505,1,9.914953231811523
cast_def_0_8083.jpeg,1,0.9999925,1,11.794239044189453
cast_def_0_8448.jpeg,1,1.0,1,19.4578800201416
cast_def_0_8823.jpeg,1,0.99946564,1,7.533965110778809
cast_def_0_9071.jpeg,1,1.0,1,18.23924446105957
cast_def_0_9319.jpeg,1,0.9946273,1,5.221046447753906
cast_def_0_9765.jpeg,1,0.99578744,1,5.465465068817139
cast_def_0_9841.jpeg,1,0.99999475,1,12.156582832336426
cast_ok_0_1041.jpeg,0,0.07406353,1,-2.5258822441101074
cast_ok_0_128.jpeg,0,0.01303677,1,-4.326858997344971
cast_ok_0_142.jpeg,0,0.06396655,1,-2.683290958404541
cast_ok_0_1486.jpeg,0,0.0053339936,1,-5.228306770324707
cast_ok_0_1513.jpeg,0,0.0979494,1,-2.220219612121582
cast_ok_0_1680.jpeg,0,0.15955292,1,-1.6615583896636963
cast_ok_0_1739.jpeg,0,0.009738804,1,-4.621850490570068
cast_ok_0_1858.jpeg,0,0.1269263,1,-1.9284133911132812
cast_ok_0_1883.jpeg,0,0.77844447,1,1.2566243410110474
cast_ok_0_1937.jpeg,0,0.061839625,1,-2.719376564025879
cast_ok_0_1995.jpeg,0,0.0020144791,1,-6.20537805557251
cast_ok_0_2070.jpeg,0,0.04880151,1,-2.969961404800415
cast_ok_0_2141.jpeg,0,0.117295854,1,-2.0182907581329346
cast_ok_0_2214.jpeg,0,0.10885727,1,-2.1024670600891113
cast_ok_0_2310.jpeg,0,0.32364985,1,-0.7370487451553345
cast_ok_0_235.jpeg,0,0.263728,1,-1.0266814231872559
cast_ok_0_2461.jpeg,0,0.054938924,1,-2.845027446746826
cast_ok_0_259.jpeg,0,0.70302665,1,0.8617522120475769
cast_ok_0_2687.jpeg,0,0.17897703,1,-1.5232936143875122
cast_ok_0_2805.jpeg,0,0.0120091485,1,-4.410004615783691
cast_ok_0_2862.jpeg,0,0.026019778,1,-3.6225340366363525
cast_ok_0_3018.jpeg,0,0.026710706,1,-3.5956168174743652
cast_ok_0_3094.jpeg,0,0.06005667,1,-2.750530958175659
cast_ok_0_3185.jpeg,0,0.5064969,1,0.025989174842834473
cast_ok_0_3321.jpeg,0,0.00864981,1,-4.741530418395996
cast_ok_0_3416.jpeg,0,0.027110422,1,-3.580352306365967
cast_ok_0_3508.jpeg,0,0.010616604,1,-4.53466272354126
cast_ok_0_3570.jpeg,0,0.09643816,1,-2.2374424934387207
cast_ok_0_3640.jpeg,0,0.024338543,1,-3.691054344177246
cast_ok_0_3676.jpeg,0,0.01171996,1,-4.434672832489014
cast_ok_0_3803.jpeg,0,0.03614664,1,-3.283355236053467
cast_ok_0_3842.jpeg,0,0.034062807,1,-3.344892740249634
cast_ok_0_4117.jpeg,0,0.0040319455,1,-5.509466171264648
cast_ok_0_4192.jpeg,0,0.26819313,1,-1.0038093328475952
cast_ok_0_4291.jpeg,0,0.018749703,1,-3.9576497077941895
cast_ok_0_4371.jpeg,0,0.05912396,1,-2.7671751976013184
cast_ok_0_4462.jpeg,0,0.13704523,1,-1.8400511741638184
cast_ok_0_4574.jpeg,0,0.025907936,1,-3.6269564628601074
cast_ok_0_4623.jpeg,0,0.4948579,1,-0.0205690860748291
cast_ok_0_4689.jpeg,0,0.095669866,1,-2.246291160583496
cast_ok_0_4816.jpeg,0,0.04374483,1,-3.084651470184326
cast_ok_0_4891.jpeg,0,0.019301122,1,-3.9281022548675537
cast_ok_0_4962.jpeg,0,0.34253785,1,-0.6520049571990967
cast_ok_0_504.jpeg,0,0.12053353,1,-1.9873874187469482
cast_ok_0_5220.jpeg,0,0.007661023,1,-4.863919258117676
cast_ok_0_5307.jpeg,0,0.0022423123,1,-6.098002910614014
cast_ok_0_5364.jpeg,0,0.0036040605,1,-5.62208366394043
cast_ok_0_5408.jpeg,0,0.020666488,1,-3.858358860015869
cast_ok_0_5519.jpeg,0,0.34010965,1,-0.6628056764602661
cast_ok_0_5606.jpeg,0,0.011709846,1,-4.435546398162842
cast_ok_0_5731.jpeg,0,0.011189215,1,-4.481552600860596
cast_ok_0_5809.jpeg,0,0.3005468,1,-0.8446954488754272
cast_ok_0_6011.jpeg,0,0.422151,1,-0.31394946575164795
cast_ok_0_6064.jpeg,0,0.0010928983,1,-6.81782865524292
cast_ok_0_6106.jpeg,0,0.00054208084,1,-7.519553184509277
cast_ok_0_6134.jpeg,0,0.630664,1,0.5350664854049683
cast_ok_0_6250.jpeg,0,0.21110159,1,-1.318298101425171
cast_ok_0_6356.jpeg,0,0.44661316,1,-0.21436452865600586
cast_ok_0_6478.jpeg,0,0.06277093,1,-2.7034356594085693
cast_ok_0_6498.jpeg,0,0.6537462,1,0.6355469822883606
cast_ok_0_6563.jpeg,0,0.089612976,1,-2.3183696269989014
cast_ok_0_6695.jpeg,0,0.0024179777,1,-6.022402763366699
cast_ok_0_6753.jpeg,0,0.08154341,1,-2.4215590953826904
cast_ok_0_681.jpeg,0,0.042882293,1,-3.1054673194885254
cast_ok_0_6965.jpeg,0,0.31112084,1,-0.7948845624923706
cast_ok_0_7051.jpeg,0,0.12976876,1,-1.9030048847198486
cast_ok_0_709.jpeg,0,0.037338078,1,-3.2496886253356934
cast_ok_0_716.jpeg,0,0.1355005,1,-1.853175401687622
cast_ok_0_7319.jpeg,0,0.003981606,1,-5.522080421447754
cast_ok_0_7380.jpeg,0,0.27330655,1,-0.977910578250885
cast_ok_0_7547.jpeg,0,0.0016795642,1,-6.387539863586426
cast_ok_0_7587.jpeg,0,0.050634284,1,-2.9311652183532715
cast_ok_0_7740.jpeg,0,0.30156493,1,-0.8398569226264954
cast_ok_0_7824.jpeg,0,0.500494,1,0.0019760727882385254
cast_ok_0_7933.jpeg,0,0.23812725,1,-1.1629743576049805
cast_ok_0_8095.jpeg,0,0.11401106,1,-2.0504090785980225
cast_ok_0_8152.jpeg,0,0.042522337,1,-3.1142728328704834
cast_ok_0_8351.jpeg,0,0.006923934,1,-4.965823173522949
cast_ok_0_8392.jpeg,0,0.20439741,1,-1.3590335845947266
cast_ok_0_8538.jpeg,0,0.0651633,1,-2.663475513458252
cast_ok_0_8643.jpeg,0,0.21295641,1,-1.3071961402893066
cast_ok_0_8726.jpeg,0,0.043873902,1,-3.0815701484680176
cast_ok_0_8835.jpeg,0,0.0836274,1,-2.3940517902374268
cast_ok_0_8904.jpeg,0,0.016415337,1,-4.092987537384033
cast_ok_0_8964.jpeg,0,0.34138325,1,-0.6571361422538757
cast_ok_0_9064.jpeg,0,0.046665717,1,-3.016955852508545
cast_ok_0_9098.jpeg,0,0.10141176,1,-2.181635856628418
cast_ok_0_9161.jpeg,0,0.006616502,1,-5.011549949645996
cast_ok_0_9219.jpeg,0,0.04963475,1,-2.952155113220215
cast_ok_0_9274.jpeg,0,0.0049337205,1,-5.306715965270996
cast_ok_0_9420.jpeg,0,0.0013878504,1,-6.578610420227051
cast_ok_0_9447.jpeg,0,0.09853736,1,-2.213582754135132
cast_ok_0_9598.jpeg,0,0.3420408,1,-0.6542128324508667
cast_ok_0_9636.jpeg,0,0.06798557,1,-2.6180527210235596
cast_ok_0_9705.jpeg,0,0.2809686,1,-0.9396620392799377
cast_ok_0_9805.jpeg,0,0.004604158,1,-5.376180648803711
cast_ok_0_9941.jpeg,0,0.055818904,1,-2.8282053470611572
cast_ok_0_998.jpeg,0,0.045688875,1,-3.039134979248047
cast_def_0_2813.jpeg,1,0.9999994,2,14.426992416381836
cast_def_0_3074.jpeg,1,0.9998399,2,8.739480018615723
cast_def_0_3607.jpeg,1,0.9999826,2,10.961593627929688
cast_def_0_4034.jpeg,1,0.9999871,2,11.25869083404541
cast_def_0_4848.jpeg,1,0.9999821,2,10.933426856994629
cast_def_0_5042.jpeg,1,0.9959447,2,5.503665924072266
cast_def_0_5516.jpeg,1,0.9996086,2,7.845253944396973
cast_def_0_5819.jpeg,1,0.99999666,2,12.592647552490234
cast_def_0_6121.jpeg,1,0.99963,2,7.90166711807251
cast_def_0_6383.jpeg,1,0.999998,2,13.117929458618164
cast_def_0_6835.jpeg,1,0.9999877,2,11.309858322143555
cast_def_0_7160.jpeg,1,1.0,2,17.880935668945312
cast_def_0_7373.jpeg,1,0.99989533,2,9.164785385131836
cast_def_0_7553.jpeg,1,0.9999994,2,14.327170372009277
cast_def_0_8246.jpeg,1,0.9999995,2,14.594741821289062
cast_def_0_8470.jpeg,1,0.99996865,2,10.368782043457031
cast_def_0_8694.jpeg,1,0.9999994,2,14.29742431640625
cast_def_0_8853.jpeg,1,0.9992459,2,7.189105987548828
cast_def_0_9542.jpeg,1,0.99999523,2,12.265366554260254
cast_def_0_9792.jpeg,1,0.99999976,2,15.114572525024414
cast_def_0_9848.jpeg,1,0.99999464,2,12.141322135925293
cast_ok_0_1092.jpeg,0,0.7381411,2,1.0363292694091797
cast_ok_0_1293.jpeg,0,0.43243513,2,-0.27192261815071106
cast_ok_0_1426.jpeg,0,0.39315686,2,-0.4340617060661316
cast_ok_0_1493.jpeg,0,0.054388575,2,-2.855677604675293
cast_ok_0_157.jpeg,0,0.03593335,2,-3.289494514465332
cast_ok_0_1686.jpeg,0,0.07690739,2,-2.4851276874542236
cast_ok_0_1690.jpeg,0,0.5402303,2,0.1612696647644043
cast_ok_0_1795.jpeg,0,0.43638223,2,-0.2558578550815582
cast_ok_0_1903.jpeg,0,0.024138313,2,-3.6995205879211426
cast_ok_0_1953.jpeg,0,0.6085225,2,0.44110578298568726
cast_ok_0_2002.jpeg,0,0.070758745,2,-2.575092315673828
cast_ok_0_2082.jpeg,0,0.019143043,2,-3.9364871978759766
cast_ok_0_2144.jpeg,0,0.007432118,2,-4.894484519958496
cast_ok_0_2227.jpeg,0,0.50594485,2,0.02378058433532715
cast_ok_0_2326.jpeg,0,0.11747166,2,-2.0165936946868896
cast_ok_0_2439.jpeg,0,0.11923173,2,-1.9997256994247437
cast_ok_0_2534.jpeg,0,0.20474572,2,-1.3568930625915527
cast_ok_0_2685.jpeg,0,0.6618336,2,0.6714760065078735
cast_ok_0_273.jpeg,0,0.7365899,2,1.0283193588256836
cast_ok_0_2946.jpeg,0,0.25419888,2,-1.0763421058654785
cast_ok_0_2996.jpeg,0,0.118060835,2,-2.010923147201538
cast_ok_0_3114.jpeg,0,0.14028502,2,-1.8129247426986694
cast_ok_0_3238.jpeg,0,0.005947894,2,-5.118752479553223
cast_ok_0_3326.jpeg,0,0.02595637,2,-3.6250391006469727
cast_ok_0_3440.jpeg,0,0.5057053,2,0.022822141647338867
cast_ok_0_3500.jpeg,0,0.079070784,2,-2.4550397396087646
cast_ok_0_3588.jpeg,0,0.1955324,2,-1.4144545793533325
cast_ok_0_3659.jpeg,0,0.37728184,2,-0.5011014938354492
cast_ok_0_3691.jpeg,0,0.03134804,2,-3.430753707885742
cast_ok_0_376.jpeg,0,0.2304849,2,-1.2055752277374268
cast_ok_0_3889.jpeg,0,0.15053362,2,-1.730422019958496
cast_ok_0_4140.jpeg,0,0.6087307,2,0.4419797658920288
cast_ok_0_4238.jpeg,0,0.50097835,2,0.003913283348083496
cast_ok_0_4293.jpeg,0,0.2244535,2,-1.2398993968963623
cast_ok_0_4405.jpeg,0,0.100958705,2,-2.186617374420166
cast_ok_0_4528.jpeg,0,0.3846822,2,-0.46972134709358215
cast_ok_0_4607.jpeg,0,0.739878,2,1.0453346967697144
cast_ok_0_4634.jpeg,0,0.031473707,2,-3.4266231060028076
cast_ok_0_4711.jpeg,0,0.40019095,2,-0.40466955304145813
cast_ok_0_4862.jpeg,0,0.81649065,2,1.4927501678466797
cast_ok_0_4905.jpeg,0,0.0028466606,2,-5.858757972717285
cast_ok_0_4974.jpeg,0,0.5445776,2,0.17878514528274536
cast_ok_0_5056.jpeg,0,0.023453657,2,-3.7289958000183105
cast_ok_0_5223.jpeg,0,0.14457262,2,-1.7778191566467285
cast_ok_0_5314.jpeg,0,0.9317103,2,2.613262176513672
cast_ok_0_5407.jpeg,0,0.51040953,2,0.04164409637451172
cast_ok_0_551.jpeg,0,0.13505614,2,-1.8569741249084473
cast_ok_0_5590.jpeg,0,0.058585647,2,-2.7768936157226562
cast_ok_0_5722.jpeg,0,0.064747654,2,-2.670318841934204
cast_ok_0_5790.jpeg,0,0.1818028,2,-1.504180908203125
cast_ok_0_5791.jpeg,0,0.6683594,2,0.7007741928100586
cast_ok_0_6014.jpeg,0,0.34170994,2,-0.6556834578514099
cast_ok_0_6080.jpeg,0,0.019134266,2,-3.9369547367095947
cast_ok_0_6115.jpeg,0,0.1688297,2,-1.5939443111419678
cast_ok_0_6234.jpeg,0,0.17639735,2,-1.5409491062164307
cast_ok_0_6344.jpeg,0,0.6192253,2,0.4862614870071411
cast_ok_0_6386.jpeg,0,0.18617985,2,-1.4750263690948486
cast_ok_0_6522.jpeg,0,0.028935215,2,-3.513333797454834
cast_ok_0_6580.jpeg,0,0.035242755,2,-3.3096165657043457
cast_ok_0_6712.jpeg,0,0.03646678,2,-3.274205207824707
cast_ok_0_6730.jpeg,0,0.032582767,2,-3.3908462524414062
cast_ok_0_6931.jpeg,0,0.008132694,2,-4.803697109222412
cast_ok_0_6994.jpeg,0,0.47714838,2,-0.09147012233734131
cast_ok_0_7044.jpeg,0,0.12732707,2,-1.9248018264770508
cast_ok_0_7066.jpeg,0,0.0054452987,2,-5.207542419433594
cast_ok_0_7129.jpeg,0,0.16629137,2,-1.612142562866211
cast_ok_0_7260.jpeg,0,0.35353124,2,-0.6035529971122742
cast_ok_0_7324.jpeg,0,0.5895118,2,0.361947625875473
cast_ok_0_7424.jpeg,0,0.11211936,2,-2.0692732334136963
cast_ok_0_7531.jpeg,0,0.2999257,2,-0.8476516604423523
cast_ok_0_7597.jpeg,0,0.95548534,2,3.0664000511169434
cast_ok_0_7667.jpeg,0,0.3637152,2,-0.5592750310897827
cast_ok_0_778.jpeg,0,0.0118792085,2,-4.42101526260376
cast_ok_0_7854.jpeg,0,0.61839706,2,0.48275017738342285
cast_ok_0_7982.jpeg,0,0.05457202,2,-2.852116346359253
cast_ok_0_8124.jpeg,0,0.8493852,2,1.7297873497009277
cast_ok_0_8221.jpeg,0,0.051511876,2,-2.9130568504333496
cast_ok_0_827.jpeg,0,0.23162328,2,-1.1991678476333618
cast_ok_0_8505.jpeg,0,0.06024474,2,-2.747204303741455
cast_ok_0_8545.jpeg,0,0.09518642,2,-2.251891613006592
cast_ok_0_8687.jpeg,0,0.053540412,2,-2.8722915649414062
cast_ok_0_8740.jpeg,0,0.31439835,2,-0.779636025428772
cast_ok_0_8808.jpeg,0,0.105092525,2,-2.141879081726074
cast_ok_0_8924.jpeg,0,0.5541819,2,0.2175818681716919
cast_ok_0_8966.jpeg,0,0.4713749,2,-0.11462557315826416
cast_ok_0_9085.jpeg,0,0.011677414,2,-4.438352584838867
cast_ok_0_9129.jpeg,0,0.13367273,2,-1.8688682317733765
cast_ok_0_9165.jpeg,0,0.15459807,2,-1.6989835500717163
cast_ok_0_9250.jpeg,0,0.13391617,2,-1.8667676448822021
cast_ok_0_937.jpeg,0,0.6757322,2,0.7342272400856018
cast_ok_0_9434.jpeg,0,0.19893906,2,-1.392938494682312
cast_ok_0_9491.jpeg,0,0.15643424,2,-1.685002088546753
cast_ok_0_9623.jpeg,0,0.024324423,2,-3.6916491985321045
cast_ok_0_9670.jpeg,0,0.1348006,2,-1.8591632843017578
cast_ok_0_973.jpeg,0,0.8789962,2,1.9829589128494263
cast_ok_0_9878.jpeg,0,0.67736894,2,0.7417066097259521
cast_ok_0_9915.jpeg,0,0.01628642,2,-4.101003170013428
cast_ok_0_9955.jpeg,0,0.7524304,2,1.111616849899292
cast_def_0_2827.jpeg,1,0.99890196,3,6.8131489753723145
cast_def_0_3133.jpeg,1,0.99994016,3,9.722965240478516
cast_def_0_3541.jpeg,1,0.9999732,3,10.524312973022461
cast_def_0_3690.jpeg,1,0.9998852,3,9.072151184082031
cast_def_0_4127.jpeg,1,0.99166566,3,4.7790021896362305
cast_def_0_4546.jpeg,1,0.995619,3,5.426093101501465
cast_def_0_4889.jpeg,1,0.99999976,3,15.087664604187012
cast_def_0_5185.jpeg,1,0.9999981,3,13.145732879638672
cast_def_0_5533.jpeg,1,0.9999654,3,10.27304744720459
cast_def_0_5833.jpeg,1,0.9999943,3,12.079825401306152
cast_def_0_5997.jpeg,1,0.99999774,3,13.002802848815918
cast_def_0_6493.jpeg,1,0.9955596,3,5.41254997253418
cast_def_0_6902.jpeg,1,0.9976794,3,6.063584327697754
cast_def_0_6963.jpeg,1,0.9999354,3,9.6463041305542
cast_def_0_7288.jpeg,1,0.99999964,3,14.715521812438965
cast_def_0_7481.jpeg,1,0.9999994,3,14.301875114440918
cast_def_0_8121.jpeg,1,0.97750276,3,3.771605968475342
cast_def_0_8615.jpeg,1,0.9999404,3,9.72746467590332
cast_def_0_8824.jpeg,1,0.9990901,3,7.00129508972168
cast_def_0_9229.jpeg,1,0.9999939,3,12.014196395874023
cast_def_0_9697.jpeg,1,0.9996513,3,7.961021423339844
cast_def_0_9816.jpeg,1,0.9999318,3,9.593782424926758
cast_def_0_9880.jpeg,1,0.9999716,3,10.470109939575195
cast_ok_0_1160.jpeg,0,0.08173542,3,-2.4189982414245605
cast_ok_0_1307.jpeg,0,0.006377884,3,-5.048520565032959
cast_ok_0_1468.jpeg,0,0.0015007198,3,-6.500308513641357
cast_ok_0_1602.jpeg,0,0.0025849384,3,-5.955465316772461
cast_ok_0_1688.jpeg,0,0.018087426,3,-3.9942853450775146
cast_ok_0_1742.jpeg,0,0.028155608,3,-3.5414490699768066
cast_ok_0_1859.jpeg,0,0.44417042,3,-0.22425347566604614
cast_ok_0_1933.jpeg,0,0.014363374,3,-4.228606224060059
cast_ok_0_1962.jpeg,0,0.05149126,3,-2.9134788513183594
cast_ok_0_2012.jpeg,0,0.005092363,3,-5.274908065795898
cast_ok_0_2095.jpeg,0,0.004625971,3,-5.371432304382324
cast_ok_0_2134.jpeg,0,0.0021842583,3,-6.124292373657227
cast_ok_0_2194.jpeg,0,0.06720944,3,-2.6303670406341553
cast_ok_0_2238.jpeg,0,0.0019039025,3,-6.261943817138672
cast_ok_0_2392.jpeg,0,0.004619516,3,-5.372835159301758
cast_ok_0_2477.jpeg,0,0.22784252,3,-1.220533847808838
cast_ok_0_262.jpeg,0,0.0015191966,3,-6.488053321838379
cast_ok_0_2708.jpeg,0,0.005373588,3,-5.220871448516846
cast_ok_0_2865.jpeg,0,0.002714055,3,-5.9065937995910645
cast_ok_0_3027.jpeg,0,0.0020667976,3,-6.179686069488525
cast_ok_0_3170.jpeg,0,0.04330989,3,-3.0950984954833984
cast_ok_0_3278.jpeg,0,0.09862376,3,-2.2126104831695557
cast_ok_0_3381.jpeg,0,0.019558974,3,-3.9145681858062744
cast_ok_0_3449.jpeg,0,0.008858484,3,-4.71748161315918
cast_ok_0_3457.jpeg,0,0.00062439113,3,-7.378108978271484
cast_ok_0_3616.jpeg,0,0.013686387,3,-4.2775726318359375
cast_ok_0_3642.jpeg,0,0.014352241,3,-4.229393005371094
cast_ok_0_3727.jpeg,0,0.0029133689,3,-5.835527420043945
cast_ok_0_3812.jpeg,0,0.0022839296,3,-6.07957124710083
cast_ok_0_3938.jpeg,0,0.0029463416,3,-5.824240207672119
cast_ok_0_4149.jpeg,0,0.010093631,3,-4.585705757141113
cast_ok_0_4252.jpeg,0,0.1130423,3,-2.060035228729248
cast_ok_0_4320.jpeg,0,0.12614848,3,-1.9354509115219116
cast_ok_0_4349.jpeg,0,0.0002562621,3,-8.26905345916748
cast_ok_0_450.jpeg,0,0.04345845,3,-3.0915188789367676
cast_ok_0_4584.jpeg,0,0.0005972121,3,-7.422640800476074
cast_ok_0_4632.jpeg,0,0.0012191464,3,-6.7083845138549805
cast_ok_0_4727.jpeg,0,0.024163159,3,-3.6984663009643555
cast_ok_0_4868.jpeg,0,0.0059304764,3,-5.121702671051025
cast_ok_0_4908.jpeg,0,0.021510284,3,-3.817479133605957
cast_ok_0_4994.jpeg,0,0.9775359,3,3.773115873336792
cast_ok_0_5160.jpeg,0,0.10810594,3,-2.1102356910705566
cast_ok_0_5228.jpeg,0,0.0038699354,3,-5.550640106201172
cast_ok_0_5237.jpeg,0,0.013574312,3,-4.2859086990356445
cast_ok_0_532.jpeg,0,0.005257176,3,-5.242890357971191
cast_ok_0_5427.jpeg,0,0.002048311,3,-6.188689231872559
cast_ok_0_5531.jpeg,0,0.16559,3,-1.6172101497650146
cast_ok_0_5609.jpeg,0,0.00029629873,3,-8.123846054077148
cast_ok_0_576.jpeg,0,0.027683826,3,-3.5588326454162598
cast_ok_0_5853.jpeg,0,0.00058983784,3,-7.435072898864746
cast_ok_0_5931.jpeg,0,0.016040914,3,-4.11644172668457
cast_ok_0_5997.jpeg,0,0.058891993,3,-2.771352767944336
cast_ok_0_6027.jpeg,0,0.058130644,3,-2.7851736545562744
cast_ok_0_6083.jpeg,0,0.0049040765,3,-5.312772274017334
cast_ok_0_6156.jpeg,0,0.012723547,3,-4.351495742797852
cast_ok_0_6254.jpeg,0,0.01241834,3,-4.376084804534912
cast_ok_0_6392.jpeg,0,0.061988845,3,-2.7168073654174805
cast_ok_0_6547.jpeg,0,0.0034158407,3,-5.675909996032715
cast_ok_0_660.jpeg,0,0.018360874,3,-3.979001760482788
cast_ok_0_6714.jpeg,0,0.35638615,3,-0.5910840630531311
cast_ok_0_6789.jpeg,0,0.0045086117,3,-5.397247314453125
cast_ok_0_6898.jpeg,0,0.005419253,3,-5.212363243103027
cast_ok_0_6997.jpeg,0,0.014072318,3,-4.249373435974121
cast_ok_0_7054.jpeg,0,0.030078504,3,-3.4734044075012207
cast_ok_0_7095.jpeg,0,0.0018396754,3,-6.296324729919434
cast_ok_0_7233.jpeg,0,0.002849995,3,-5.857583999633789
cast_ok_0_7330.jpeg,0,0.0035695033,3,-5.631752967834473
cast_ok_0_740.jpeg,0,0.0042364467,3,-5.459784984588623
cast_ok_0_7565.jpeg,0,0.0055418015,3,-5.189878463745117
cast_ok_0_7609.jpeg,0,0.0116273975,3,-4.442695617675781
cast_ok_0_7806.jpeg,0,0.07068573,3,-2.5762033462524414
cast_ok_0_7903.jpeg,0,0.0064105117,3,-5.043385028839111
cast_ok_0_8010.jpeg,0,0.0074997838,3,-4.885353088378906
cast_ok_0_8126.jpeg,0,0.0019488827,3,-6.238548278808594
cast_ok_0_8269.jpeg,0,0.007596251,3,-4.8724751472473145
cast_ok_0_8307.jpeg,0,0.0064737713,3,-5.033501625061035
cast_ok_0_8517.jpeg,0,0.070313446,3,-2.5818843841552734
cast_ok_0_8600.jpeg,0,0.093514815,3,-2.2714548110961914
cast_ok_0_8619.jpeg,0,0.0004903787,3,-7.619842052459717
cast_ok_0_8761.jpeg,0,0.06948571,3,-2.594616413116455
cast_ok_0_8863.jpeg,0,0.013940004,3,-4.2589545249938965
cast_ok_0_8934.jpeg,0,0.019960297,3,-3.893847942352295
cast_ok_0_8967.jpeg,0,0.0051294756,3,-5.267609119415283
cast_ok_0_9087.jpeg,0,0.003070367,3,-5.782883167266846
cast_ok_0_913.jpeg,0,0.0341519,3,-3.3421883583068848
cast_ok_0_9179.jpeg,0,0.0034478302,3,-5.666556358337402
cast_ok_0_9256.jpeg,0,0.0075921007,3,-4.873025894165039
cast_ok_0_9386.jpeg,0,0.020394282,3,-3.8718955516815186
cast_ok_0_9436.jpeg,0,0.0071888515,3,-4.928009033203125
cast_ok_0_9499.jpeg,0,0.051869523,3,-2.9057607650756836
cast_ok_0_963.jpeg,0,0.0026275755,3,-5.939062595367432
cast_ok_0_9695.jpeg,0,0.41007334,3,-0.3636620342731476
cast_ok_0_9783.jpeg,0,0.017932521,3,-4.003044128417969
cast_ok_0_9837.jpeg,0,0.0031823367,3,-5.746952056884766
cast_ok_0_9945.jpeg,0,0.0040658955,3,-5.501047134399414
cast_ok_0_9957.jpeg,0,0.0038865062,3,-5.546350479125977
cast_def_0_2834.jpeg,1,0.9998227,4,8.637499809265137
cast_def_0_3171.jpeg,1,1.0,4,17.919523239135742
cast_def_0_3793.jpeg,1,0.99988675,4,9.085887908935547
cast_def_0_4415.jpeg,1,0.9999995,4,14.679558753967285
cast_def_0_4942.jpeg,1,0.99997556,4,10.617613792419434
cast_def_0_5225.jpeg,1,0.999959,4,10.102131843566895
cast_def_0_5583.jpeg,1,0.9998677,4,8.930642127990723
cast_def_0_5859.jpeg,1,0.9997876,4,8.456984519958496
cast_def_0_6196.jpeg,1,0.9999949,4,12.187911987304688
cast_def_0_6531.jpeg,1,0.99999976,4,15.189900398254395
cast_def_0_6539.jpeg,1,0.99968386,4,8.058999061584473
cast_def_0_7269.jpeg,1,0.9999869,4,11.238016128540039
cast_def_0_7433.jpeg,1,1.0,4,20.510154724121094
cast_def_0_7712.jpeg,1,0.9988023,4,6.726142883300781
cast_def_0_8226.jpeg,1,0.99018747,4,4.614232540130615
cast_def_0_8652.jpeg,1,0.9943175,4,5.164664268493652
cast_def_0_8833.jpeg,1,0.99969256,4,8.086751937866211
cast_def_0_9301.jpeg,1,0.80637103,4,1.426600456237793
cast_def_0_9713.jpeg,1,0.9994217,4,7.454919815063477
cast_def_0_9817.jpeg,1,1.0,4,18.108261108398438
cast_def_0_9888.jpeg,1,0.9999161,4,9.385268211364746
cast_ok_0_1132.jpeg,0,0.00030382557,4,-8.098752975463867
cast_ok_0_1174.jpeg,0,0.024481717,4,-3.685042381286621
cast_ok_0_1328.jpeg,0,0.034365535,4,-3.335731267929077
cast_ok_0_1482.jpeg,0,0.017746886,4,-4.013638973236084
cast_ok_0_1665.jpeg,0,0.012234053,4,-4.3912224769592285
cast_ok_0_1678.jpeg,0,0.00045211823,4,-7.701114654541016
cast_ok_0_1763.jpeg,0,0.0043137292,4,-5.441629409790039
cast_ok_0_1792.jpeg,0,0.0044057085,4,-5.420438766479492
cast_ok_0_1910.jpeg,0,0.0023467958,4,-6.05235481262207
cast_ok_0_1970.jpeg,0,0.013459649,4,-4.29450798034668
cast_ok_0_2056.jpeg,0,0.038695395,4,-3.2125706672668457
cast_ok_0_2118.jpeg,0,0.023488685,4,-3.7274675369262695
cast_ok_0_2187.jpeg,0,0.0013294264,4,-6.621677398681641
cast_ok_0_2233.jpeg,0,0.006178009,4,-5.080562114715576
cast_ok_0_2249.jpeg,0,0.04266917,4,-3.1106724739074707
cast_ok_0_242.jpeg,0,0.16805874,4,-1.5994482040405273
cast_ok_0_2479.jpeg,0,0.04726093,4,-3.003657102584839
cast_ok_0_266.jpeg,0,0.005424344,4,-5.211419105529785
cast_ok_0_271.jpeg,0,0.058256615,4,-2.7828750610351562
cast_ok_0_2902.jpeg,0,0.0215474,4,-3.8157172203063965
cast_ok_0_3052.jpeg,0,0.16800892,4,-1.5998046398162842
cast_ok_0_3064.jpeg,0,0.01560651,4,-4.1443376541137695
cast_ok_0_3210.jpeg,0,0.018840307,4,-3.9527366161346436
cast_ok_0_3362.jpeg,0,0.012049872,4,-4.406578063964844
cast_ok_0_3443.jpeg,0,0.039070133,4,-3.202543020248413
cast_ok_0_3548.jpeg,0,0.008278212,4,-4.785815715789795
cast_ok_0_3626.jpeg,0,0.01279103,4,-4.346137523651123
cast_ok_0_3662.jpeg,0,0.002293172,4,-6.075523376464844
cast_ok_0_3741.jpeg,0,0.021467218,4,-3.8195271492004395
cast_ok_0_3819.jpeg,0,0.0018969597,4,-6.265604019165039
cast_ok_0_3971.jpeg,0,0.0583505,4,-2.78116512298584
cast_ok_0_4152.jpeg,0,0.24608447,4,-1.119605541229248
cast_ok_0_4155.jpeg,0,0.006934246,4,-4.964324474334717
cast_ok_0_427.jpeg,0,0.014905132,4,-4.191032409667969
cast_ok_0_4308.jpeg,0,0.0078042937,4,-4.845246315002441
cast_ok_0_4428.jpeg,0,0.024506554,4,-3.6840028762817383
cast_ok_0_454.jpeg,0,0.007867412,4,-4.837127685546875
cast_ok_0_4619.jpeg,0,0.032987017,4,-3.3780977725982666
cast_ok_0_4671.jpeg,0,0.038809557,4,-3.209506034851074
cast_ok_0_4739.jpeg,0,0.004545423,4,-5.389078617095947
cast_ok_0_4751.jpeg,0,0.016539373,4,-4.085333824157715
cast_ok_0_4834.jpeg,0,0.003000452,4,-5.805987358093262
cast_ok_0_4910.jpeg,0,0.008281175,4,-4.785454750061035
cast_ok_0_4934.jpeg,0,0.03368059,4,-3.3565726280212402
cast_ok_0_5013.jpeg,0,0.0009138811,4,-6.996895790100098
cast_ok_0_5167.jpeg,0,0.028131723,4,-3.5423223972320557
cast_ok_0_5238.jpeg,0,0.01727113,4,-4.04129695892334
cast_ok_0_5323.jpeg,0,0.012610686,4,-4.360519886016846
cast_ok_0_5392.jpeg,0,0.010895974,4,-4.508406162261963
cast_ok_0_5562.jpeg,0,0.024395876,4,-3.688642740249634
cast_ok_0_5641.jpeg,0,0.009382015,4,-4.659534454345703
cast_ok_0_5770.jpeg,0,0.014743651,4,-4.202089309692383
cast_ok_0_5858.jpeg,0,0.008539266,4,-4.754504203796387
cast_ok_0_5944.jpeg,0,0.032055233,4,-3.407714605331421
cast_ok_0_6057.jpeg,0,0.006680765,4,-5.001819610595703
cast_ok_0_6110.jpeg,0,0.0077860593,4,-4.847603797912598
cast_ok_0_6205.jpeg,0,0.03887351,4,-3.2077929973602295
cast_ok_0_6265.jpeg,0,0.0020822347,4,-6.172229290008545
cast_ok_0_6406.jpeg,0,0.005844245,4,-5.136436462402344
cast_ok_0_6407.jpeg,0,0.008262079,4,-4.787782669067383
cast_ok_0_6606.jpeg,0,0.07584724,4,-2.5001559257507324
cast_ok_0_6620.jpeg,0,0.13558479,4,-1.852455973625183
cast_ok_0_6718.jpeg,0,0.0006391174,4,-7.354783058166504
cast_ok_0_6731.jpeg,0,0.08745426,4,-2.3451223373413086
cast_ok_0_7018.jpeg,0,0.60486704,4,0.42578625679016113
cast_ok_0_7055.jpeg,0,0.0069273347,4,-4.965328693389893
cast_ok_0_710.jpeg,0,0.01315762,4,-4.317509174346924
cast_ok_0_7241.jpeg,0,0.009757053,4,-4.619959831237793
cast_ok_0_7332.jpeg,0,0.012546084,4,-4.365721225738525
cast_ok_0_7333.jpeg,0,0.020296112,4,-3.8768210411071777
cast_ok_0_7534.jpeg,0,0.0025257403,4,-5.978692054748535
cast_ok_0_7664.jpeg,0,0.30543563,4,-0.8215457201004028
cast_ok_0_7823.jpeg,0,0.009123641,4,-4.687720775604248
cast_ok_0_7915.jpeg,0,0.020638598,4,-3.8597376346588135
cast_ok_0_807.jpeg,0,0.057370853,4,-2.7991366386413574
cast_ok_0_8107.jpeg,0,0.10364268,4,-2.1573898792266846
cast_ok_0_8196.jpeg,0,0.0789427,4,-2.4567999839782715
cast_ok_0_8366.jpeg,0,0.003068194,4,-5.78359317779541
cast_ok_0_8436.jpeg,0,0.0010135841,4,-6.893248558044434
cast_ok_0_8599.jpeg,0,0.057982408,4,-2.78788423538208
cast_ok_0_8693.jpeg,0,0.019244434,4,-3.9311013221740723
cast_ok_0_8788.jpeg,0,0.07113975,4,-2.56931209564209
cast_ok_0_8877.jpeg,0,0.09144519,4,-2.2961153984069824
cast_ok_0_8950.jpeg,0,0.031241981,4,-3.4342520236968994
cast_ok_0_9014.jpeg,0,0.00870423,4,-4.735203742980957
cast_ok_0_9056.jpeg,0,0.08192512,4,-2.416473388671875
cast_ok_0_9149.jpeg,0,0.004943192,4,-5.304788589477539
cast_ok_0_9195.jpeg,0,0.01865666,4,-3.962719202041626
cast_ok_0_927.jpeg,0,0.012190131,4,-4.394863605499268
cast_ok_0_9393.jpeg,0,0.1729616,4,-1.5647815465927124
cast_ok_0_9437.jpeg,0,0.0032396014,4,-5.729060173034668
cast_ok_0_9558.jpeg,0,0.0042751646,4,-5.450648307800293
cast_ok_0_9633.jpeg,0,0.00952477,4,-4.644289016723633
cast_ok_0_9671.jpeg,0,0.0003237018,4,-8.035364151000977
cast_ok_0_9748.jpeg,0,0.038766198,4,-3.2106690406799316
cast_ok_0_989.jpeg,0,0.014089105,4,-4.248164176940918
cast_ok_0_9946.jpeg,0,0.0027109021,4,-5.907759189605713
cast_ok_0_9961.jpeg,0,0.019915769,4,-3.8961267471313477
