condition,kind,value,pr_auc,roc_auc,mean_p_defect,mean_p_normal,recall_0.5,recall_0.5_lo,recall_0.5_hi,precision_0.5,precision_0.5_lo,precision_0.5_hi,fp_0.5,fn_0.5,recall_tuned,recall_tuned_lo,recall_tuned_hi,precision_tuned,precision_tuned_lo,precision_tuned_hi,fp_tuned,fn_tuned
clean,none,0.0,1.0,1.0,0.9985435009002686,0.008898530155420303,1.0,0.8235330881930346,1.0,1.0,0.8235330881930346,1.0,0,0,1.0,0.8235330881930346,1.0,1.0,0.8235330881930346,1.0,0,0
brightness x0.7,brightness,0.7,1.0,1.0,0.9994750022888184,0.046837251633405685,1.0,0.8235330881930346,1.0,1.0,0.8235330881930346,1.0,0,0,1.0,0.8235330881930346,1.0,1.0,0.8235330881930346,1.0,0,0
brightness x1.3,brightness,1.3,1.0,1.0,0.8765506744384766,0.002007861854508519,0.9473684210526315,0.7397193458047859,0.9986683711958205,1.0,0.8146980318621477,1.0,0,1,0.8421052631578947,0.6042154487333258,0.9661737509982353,1.0,0.7940927857921772,1.0,0,3
contrast x0.7,contrast,0.7,1.0,1.0,0.9963715076446533,0.006217906717211008,1.0,0.8235330881930346,1.0,1.0,0.8235330881930346,1.0,0,0,1.0,0.8235330881930346,1.0,1.0,0.8235330881930346,1.0,0,0
contrast x1.3,contrast,1.3,1.0,1.0,0.9988214373588562,0.029444372281432152,1.0,0.8235330881930346,1.0,0.95,0.7512672372279723,0.9987349105020502,1,0,1.0,0.8235330881930346,1.0,1.0,0.8235330881930346,1.0,0,0
blur sigma 1,blur,1.0,1.0,1.0,0.9983269572257996,0.026604194194078445,1.0,0.8235330881930346,1.0,1.0,0.8235330881930346,1.0,0,0,1.0,0.8235330881930346,1.0,1.0,0.8235330881930346,1.0,0,0
blur sigma 2,blur,2.0,0.9726720647773279,0.9920440636474908,0.9708021879196167,0.31037092208862305,1.0,0.8235330881930346,1.0,0.5,0.33378900611309653,0.6662109938869034,19,0,0.9473684210526315,0.7397193458047859,0.9986683711958205,0.72,0.5061231781937445,0.8792833114959333,7,1
noise sigma 10,noise,10.0,1.0,1.0,0.9973147511482239,0.09780765324831009,1.0,0.8235330881930346,1.0,0.8636363636363636,0.6508779027425919,0.9709441488712534,3,0,1.0,0.8235330881930346,1.0,0.95,0.7512672372279723,0.9987349105020502,1,0
noise sigma 25,noise,25.0,0.9782503830878444,0.9951040391676867,0.9864139556884766,0.6588069796562195,1.0,0.8235330881930346,1.0,0.21839080459770116,0.13690418222804476,0.31984591939958495,68,0,1.0,0.8235330881930346,1.0,0.38,0.24650107779986222,0.5282508369471446,31,0
rotate 90 deg,rotation,90.0,1.0,1.0,0.9946428537368774,0.00476350961253047,1.0,0.8235330881930346,1.0,1.0,0.8235330881930346,1.0,0,0,1.0,0.8235330881930346,1.0,1.0,0.8235330881930346,1.0,0,0
rotate 180 deg,rotation,180.0,1.0,1.0,0.9918146729469299,0.006060527637600899,1.0,0.8235330881930346,1.0,1.0,0.8235330881930346,1.0,0,0,1.0,0.8235330881930346,1.0,1.0,0.8235330881930346,1.0,0,0
JPEG q30,jpeg,30.0,1.0,1.0,0.9996170997619629,0.09380055218935013,1.0,0.8235330881930346,1.0,0.8636363636363636,0.6508779027425919,0.9709441488712534,3,0,1.0,0.8235330881930346,1.0,0.95,0.7512672372279723,0.9987349105020502,1,0
