class,subset,feature,n,spearman_rho,p
normals,all folds,brightness,488,0.0751949355680562,0.09707546131598566
normals,all folds,contrast,488,-0.1515902450951946,0.0007805965710813281
normals,all folds,sharpness,488,-0.155167101348322,0.0005821039988013984
normals,all folds,background,488,0.20932601248058494,3.10010467197941e-06
normals,all folds,hole_radius,488,-0.15719448366668123,0.0004915378076148053
normals,all folds,hole_offset,488,0.008484501287730208,0.8516986882875823
normals,excluding fold 2,brightness,390,0.08152898390572537,0.10792774855015319
normals,excluding fold 2,contrast,390,-0.24872089888822413,6.542863483156259e-07
normals,excluding fold 2,sharpness,390,-0.29354130179382154,3.441015095204679e-09
normals,excluding fold 2,background,390,0.3136777817281962,2.3679613479100656e-10
normals,excluding fold 2,hole_radius,390,-0.21142282786619013,2.558864196492131e-05
normals,excluding fold 2,hole_offset,390,-0.03112254316141258,0.5400108430647195
defects,all folds,brightness,107,-0.15155077489762728,0.11917268213136879
defects,all folds,contrast,107,0.19244107447246225,0.0470502065163772
defects,all folds,sharpness,107,0.37093203236740535,8.383772064154418e-05
defects,all folds,background,107,-0.13829620486294794,0.1554387331451088
defects,all folds,hole_radius,107,-0.4675836125315935,3.8179116222388543e-07
defects,all folds,hole_offset,107,0.1937831854072376,0.04550401485884491
defects,excluding fold 2,brightness,86,-0.10518420680220764,0.3351253380636423
defects,excluding fold 2,contrast,86,0.24994575215812065,0.020289402935266126
defects,excluding fold 2,sharpness,86,0.3782348223972829,0.0003298620359038705
defects,excluding fold 2,background,86,-0.1185810651445823,0.2768485583207666
defects,excluding fold 2,hole_radius,86,-0.49229680645313456,1.4764899492317402e-06
defects,excluding fold 2,hole_offset,86,0.1874899759422614,0.08387479595602161
